symbol,company_name,sector,source,note
APOLLOTYRE,Apollo Tyres Limited,Auto,nse_official,Automobile and Auto Components
ARE&M,Amara Raja Energy & Mobility Limited,Auto,nse_official,Automobile and Auto Components
ASAHIINDIA,Asahi India Glass Limited,Auto,nse_official,Automobile and Auto Components
ASKAUTOLTD,ASK Automotive Limited,Auto,nse_official,Automobile and Auto Components
ATHERENERG,Ather Energy Limited,Auto,nse_official,Automobile and Auto Components
BAJAJ-AUTO,Bajaj Auto Limited,Auto,nse_official,Automobile and Auto Components
BALKRISIND,Balkrishna Industries Limited,Auto,nse_official,Automobile and Auto Components
BANCOINDIA,Banco Products (I) Limited,Auto,nse_official,Automobile and Auto Components
BELRISE,Belrise Industries Limited,Auto,nse_official,Automobile and Auto Components
BHARATFORG,Bharat Forge Limited,Auto,nse_official,Automobile and Auto Components
BHARATGEAR,Bharat Gears Limited,Auto,provider,Auto Parts
BOSCHLTD,Bosch Limited,Auto,nse_official,Automobile and Auto Components
CEATLTD,CEAT Limited,Auto,nse_official,Automobile and Auto Components
CIEINDIA,CIE Automotive India Limited,Auto,nse_official,Automobile and Auto Components
CRAFTSMAN,Craftsman Automation Limited,Auto,nse_official,Automobile and Auto Components
EICHERMOT,Eicher Motors Limited,Auto,nse_official,Automobile and Auto Components
ENDURANCE,Endurance Technologies Limited,Auto,nse_official,Automobile and Auto Components
EXIDEIND,Exide Industries Limited,Auto,nse_official,Automobile and Auto Components
FIEMIND,Fiem Industries Limited,Auto,nse_official,Automobile and Auto Components
FORCEMOT,FORCE MOTORS LTD,Auto,nse_official,Automobile and Auto Components
GABRIEL,Gabriel India Limited,Auto,nse_official,Automobile and Auto Components
GANGAFORGE,Ganga Forging Limited,Auto,manual,
GRANDOAK,Grand Oak Canyons Distillery Limited,Auto,manual,
HEROMOTOCO,Hero MotoCorp Limited,Auto,nse_official,Automobile and Auto Components
HITECHGEAR,The Hi-Tech Gears Limited,Auto,provider,Auto Parts
HYUNDAI,Hyundai Motor India Limited,Auto,nse_official,Automobile and Auto Components
JAMNAAUTO,Jamna Auto Industries Limited,Auto,nse_official,Automobile and Auto Components
JBMA,JBM Auto Limited,Auto,nse_official,Automobile and Auto Components
JKTYRE,JK Tyre & Industries Limited,Auto,nse_official,Automobile and Auto Components
JTEKTINDIA,Jtekt India Limited,Auto,manual,
KALYANI,Kalyani Commercials Limited,Auto,provider,Auto & Truck Dealerships
KALYANIFRG,Kalyani Forge Limited,Auto,manual,
KMEW,Knowledge Marine & Engineering Works Limited,Auto,manual,
KROSS,Kross Limited,Auto,manual,
LUMAXIND,Lumax Industries Limited,Auto,manual,
LUMAXTECH,Lumax Auto Technologies Limited,Auto,nse_official,Automobile and Auto Components
M&M,Mahindra & Mahindra Limited,Auto,nse_official,Automobile and Auto Components
MARUTI,Maruti Suzuki India Limited,Auto,nse_official,Automobile and Auto Components
MENONBE,Menon Bearings Limited,Auto,provider,Auto Parts
MINDACORP,Minda Corporation Limited,Auto,nse_official,Automobile and Auto Components
MMFL,MM Forgings Limited,Auto,manual,
MOTHERSON,Samvardhana Motherson International Limited,Auto,nse_official,Automobile and Auto Components
MRF,MRF Limited,Auto,nse_official,Automobile and Auto Components
MSUMI,Motherson Sumi Wiring India Limited,Auto,nse_official,Automobile and Auto Components
MUNJALAU,Munjal Auto Industries Limited,Auto,manual,
NELCAST,Nelcast Limited,Auto,manual,
NIBL,NRB Industrial Bearings Limited,Auto,manual,
NITIRAJ,Nitiraj Engineers Limited,Auto,manual,
NRBBEARING,NRB Bearing Limited,Auto,manual,
OLAELEC,Ola Electric Mobility Limited,Auto,nse_official,Automobile and Auto Components
OLECTRA,Olectra Greentech Limited,Auto,nse_official,Automobile and Auto Components
OMAXAUTO,Omax Autos Limited,Auto,manual,
OMNI,Omnitech Engineering Limited,Auto,manual,
OMPOWER,Om Power Transmission Limited,Auto,manual,
PATELENG,Patel Engineering Limited,Auto,manual,
PITTIENG,Pitti Engineering Limited,Auto,manual,
PIXTRANS,Pix Transmissions Limited,Auto,manual,
PPAP,PPAP Automotive Limited,Auto,provider,Auto Parts
PRAENG,Prajay Engineers Syndicate Limited,Auto,manual,
PRECAM,Precision Camshafts Limited,Auto,manual,
PRICOLLTD,Pricol Limited,Auto,nse_official,Automobile and Auto Components
PVSL,Popular Vehicles and Services Limited,Auto,manual,
RACLGEAR,RACL Geartech Limited,Auto,manual,
RANEHOLDIN,Rane Holdings Limited,Auto,manual,
RATNAVEER,Ratnaveer Precision Engineering Limited,Auto,manual,
REMSONSIND,Remsons Industries Limited,Auto,manual,
RICOAUTO,Rico Auto Industries Limited,Auto,manual,
RKDL,Ravi Kumar Distilleries Limited,Auto,manual,
RKFORGE,Ramkrishna Forgings Limited,Auto,nse_official,Automobile and Auto Components
RMC,RMC Switchgears Limited,Auto,manual,
RML,Rane (Madras) Limited,Auto,manual,
ROLEXRINGS,Rolex Rings Limited,Auto,manual,
SADBHAV,Sadbhav Engineering Limited,Auto,manual,
SANSERA,Sansera Engineering Limited,Auto,nse_official,Automobile and Auto Components
SCHAEFFLER,Schaeffler India Limited,Auto,nse_official,Automobile and Auto Components
SDBL,Som Distilleries & Breweries Limited,Auto,manual,
SETCO,Setco Automotive Limited,Auto,provider,Auto Parts
SETL,Standard Engineering Technology Limited,Auto,manual,
SHANTIGEAR,Shanthi Gears Limited,Auto,manual,
SHIVAMAUTO,Shivam Autotech Limited,Auto,provider,Auto Parts
SHRIPISTON,SPR Auto Technologies Limited,Auto,nse_official,Automobile and Auto Components
SINTERCOM,Sintercom India Limited,Auto,provider,Auto Parts
SJS,S.J.S. Enterprises Limited,Auto,manual,
SKFINDIA,SKF India Limited,Auto,nse_official,Automobile and Auto Components
SOFTTECH,Softtech Engineers Limited,Auto,manual,
SONACOMS,Sona BLW Precision Forgings Limited,Auto,nse_official,Automobile and Auto Components
SSWL,Steel Strips Wheels Limited,Auto,manual,
STUDDS,Studds Accessories Limited,Auto,manual,
SUNCLAY,Sundaram Clayton Limited,Auto,manual,
SUNDRMBRAK,Sundaram Brake Linings Limited,Auto,provider,Auto Parts
SUPRAJIT,Suprajit Engineering Limited,Auto,manual,
SWARAJENG,Swaraj Engines Limited,Auto,manual,
TALBROAUTO,Talbros Automotive Components Limited,Auto,manual,
TENNIND,Tenneco Clean Air India Limited,Auto,nse_official,Automobile and Auto Components
THEJO,Thejo Engineering Limited,Auto,manual,
TIINDIA,Tube Investments of India Limited,Auto,nse_official,Automobile and Auto Components
TMPV,Tata Motors Passenger Vehicles Limited,Auto,nse_official,Automobile and Auto Components
TOLINS,Tolins Tyres Limited,Auto,manual,
TVSHLTD,TVS Holdings Limited,Auto,manual,
TVSMOTOR,TVS Motor Company Limited,Auto,nse_official,Automobile and Auto Components
TVSSRICHAK,TVS Srichakra Limited,Auto,manual,
UCAL,UCAL LIMITED,Auto,provider,Auto Parts
A2ZINFRA,A2Z Infra Engineering Limited,Capital Goods,provider,Industrials
AARON,Aaron Industries Limited,Capital Goods,provider,Industrials
AARTECH,Aartech Solonics Limited,Capital Goods,provider,Electrical Equipment & Parts
AARVI,Aarvi Encon Limited,Capital Goods,provider,Industrials
ABB,ABB India Limited,Capital Goods,nse_official,Capital Goods
ACE,Action Construction Equipment Limited,Capital Goods,nse_official,Capital Goods
ACEINTEG,Ace Integrated Solutions Limited,Capital Goods,provider,Industrials
ADOR,Ador Welding Limited,Capital Goods,provider,Industrials
ADVAIT,Advait Energy Transitions Limited,Capital Goods,provider,Industrials
AEPL,Artemis Electricals and Projects Limited,Capital Goods,provider,Industrials
AEQUS,Aequs Limited,Capital Goods,nse_official,Capital Goods
AEROFLEX,Aeroflex Industries Limited,Capital Goods,provider,Industrials
AFFORDABLE,Affordable Robotic & Automation Limited,Capital Goods,provider,Specialty Industrial Machinery
AHLADA,Ahlada Engineers Limited,Capital Goods,provider,Industrials
AIAENG,AIA Engineering Limited,Capital Goods,nse_official,Capital Goods
AJAXENGG,Ajax Engineering Limited,Capital Goods,provider,Industrials
AKASH,Akash Infra-Projects Limited,Capital Goods,provider,Industrials
AKG,Akg Exim Limited,Capital Goods,provider,Industrials
ALICON,Alicon Castalloy Limited,Capital Goods,provider,Industrials
ALLCARGO,Allcargo Logistics Limited,Capital Goods,provider,Industrials
ALLDIGI,Alldigi Tech Limited,Capital Goods,provider,Industrials
ANUP,The Anup Engineering Limited,Capital Goods,nse_official,Capital Goods
APARINDS,Apar Industries Limited,Capital Goods,nse_official,Capital Goods
APLAPOLLO,APL Apollo Tubes Limited,Capital Goods,nse_official,Capital Goods
APOLLO,Apollo Micro Systems Limited,Capital Goods,nse_official,Capital Goods
APOLLOPIPE,Apollo Pipes Limited,Capital Goods,provider,Industrials
APOLSINHOT,Apollo Sindoori Hotels Limited,Capital Goods,provider,Industrials
ARIS,Arisinfra Solutions Limited,Capital Goods,provider,Industrials
AROGRANITE,Aro Granite Industries Limited,Capital Goods,provider,Industrials
ASHOKLEY,Ashok Leyland Limited,Capital Goods,nse_official,Capital Goods
ASIANTILES,Asian Granito India Limited,Capital Goods,provider,Industrials
ASTRAL,Astral Limited,Capital Goods,nse_official,Capital Goods
ASTRAMICRO,Astra Microwave Products Limited,Capital Goods,nse_official,Capital Goods
ATALREAL,Atal Realtech Limited,Capital Goods,provider,Industrials
ATAM,Atam Valves Limited,Capital Goods,provider,Industrials
ATL,Allcargo Terminals Limited,Capital Goods,provider,Industrials
ATLANTAA,ATLANTAA LIMITED,Capital Goods,provider,Industrials
ATLANTAELE,Atlanta Electricals Limited,Capital Goods,nse_official,Capital Goods
AVALON,Avalon Technologies Limited,Capital Goods,nse_official,Capital Goods
AWHCL,Antony Waste Handling Cell Limited,Capital Goods,provider,Industrials
AXISCADES,AXISCADES Technologies Limited,Capital Goods,nse_official,Capital Goods
AZAD,Azad Engineering Limited,Capital Goods,nse_official,Capital Goods
BAJAJINDEF,Indef Manufacturing Limited,Capital Goods,provider,Industrials
BAJAJST,Bajaj Steel Industries Limited,Capital Goods,provider,Industrials
BALMLAWRIE,Balmer Lawrie & Company Limited,Capital Goods,provider,Industrials
BALUFORGE,Balu Forge Industries Limited,Capital Goods,nse_official,Capital Goods
BANKA,Banka BioLoo Limited,Capital Goods,provider,Industrials
BATLIBOI,Batliboi Limited,Capital Goods,provider,Industrials
BBL,Bharat Bijlee Limited,Capital Goods,provider,Industrials
BCPL,BCPL Railway Infrastructure Limited,Capital Goods,provider,Industrials
BDL,Bharat Dynamics Limited,Capital Goods,nse_official,Capital Goods
BEARDSELL,Beardsell Limited,Capital Goods,provider,Industrials
BEL,Bharat Electronics Limited,Capital Goods,nse_official,Capital Goods
BEML,BEML Limited,Capital Goods,nse_official,Capital Goods
BFUTILITIE,BF Utilities Limited,Capital Goods,provider,Industrials
BHEL,Bharat Heavy Electricals Limited,Capital Goods,nse_official,Capital Goods
BIGBLOC,Bigbloc Construction Limited,Capital Goods,provider,Industrials
BIRLANU,BirlaNu Limited,Capital Goods,provider,Industrials
BIRLAPREC,Birla Precision Technologies Limited,Capital Goods,provider,Industrials
BLIL,Balmer Lawrie Investments Limited,Capital Goods,provider,Industrials
BLKASHYAP,B. L. Kashyap and Sons Limited,Capital Goods,provider,Industrials
BLSE,BLS E-Services Limited,Capital Goods,provider,Industrials
BLUSPRING,Bluspring Enterprises Limited,Capital Goods,provider,Industrials
BOHRAIND,Bohra Industries Limited,Capital Goods,manual,
BORORENEW,BOROSIL RENEWABLES LIMITED,Capital Goods,nse_official,Capital Goods
BRNL,Bharat Road Network Limited,Capital Goods,provider,Industrials
CAPACITE,Capacit'e Infraprojects Limited,Capital Goods,provider,Industrials
CARBORUNIV,Carborundum Universal Limited,Capital Goods,nse_official,Capital Goods
CCCL,Consolidated Construction Consortium Limited,Capital Goods,provider,Industrials
CEIGALL,Ceigall India Limited,Capital Goods,provider,Industrials
CEINSYS,Ceinsys Tech Limited,Capital Goods,provider,Industrials
CGPOWER,CG Power and Industrial Solutions Limited,Capital Goods,nse_official,Capital Goods
COCHINSHIP,Cochin Shipyard Limited,Capital Goods,nse_official,Capital Goods
COCKERILL,John Cockerill India Limited,Capital Goods,provider,Industrials
COMFINTE,Comfort Intech Limited,Capital Goods,provider,Industrials
CONTROLPR,Control Print Limited,Capital Goods,provider,Industrials
CORDSCABLE,Cords Cable Industries Limited,Capital Goods,provider,Electrical Equipment & Parts
CPPLUS,Aditya Infotech Limited,Capital Goods,nse_official,Capital Goods
CROWN,Crown Lifters Limited,Capital Goods,provider,Industrials
CUMMINSIND,Cummins India Limited,Capital Goods,nse_official,Capital Goods
CYIENTDLM,Cyient DLM Limited,Capital Goods,provider,Industrials
DATAPATTNS,Data Patterns (India) Limited,Capital Goods,nse_official,Capital Goods
DCMSIL,DCM Shriram International Limited,Capital Goods,provider,Industrials
DCXINDIA,DCX Systems Limited,Capital Goods,provider,Industrials
DEEDEV,DEE Development Engineers Limited,Capital Goods,provider,Industrials
DENORA,De Nora India Limited,Capital Goods,provider,Industrials
DENTA,Denta Water and Infra Solutions Limited,Capital Goods,provider,Industrials
DHRUV,Dhruv Consultancy Services Limited,Capital Goods,provider,Industrials
DIACABS,Diamond Power Infrastructure Limited,Capital Goods,nse_official,Capital Goods
DIFFNKG,Diffusion Engineers Limited,Capital Goods,provider,Industrials
DIGITIDE,Digitide Solutions Limited,Capital Goods,provider,Industrials
DISAQ,Disa India Limited,Capital Goods,manual,
DJML,DJ Mediaprint & Logistics Limited,Capital Goods,provider,Industrials
DREAMFOLKS,Dreamfolks Services Limited,Capital Goods,provider,Industrials
DREDGECORP,Dredging Corporation of India Limited,Capital Goods,provider,Industrials
DUCON,Ducon Infratechnologies Limited,Capital Goods,provider,Industrials
DYCL,Dynamic Cables Limited,Capital Goods,provider,Industrials
DYNAMATECH,Dynamatic Technologies Limited,Capital Goods,nse_official,Capital Goods
EIMCOELECO,Eimco Elecon (India) Limited,Capital Goods,provider,Industrials
EKC,Everest Kanto Cylinder Limited,Capital Goods,provider,Industrials
ELECON,Elecon Engineering Company Limited,Capital Goods,nse_official,Capital Goods
ELECTCAST,Electrosteel Castings Limited,Capital Goods,nse_official,Capital Goods
ELGIEQUIP,Elgi Equipments Limited,Capital Goods,nse_official,Capital Goods
ELIN,Elin Electronics Limited,Capital Goods,provider,Industrials
EMMVEE,Emmvee Photovoltaic Power Limited,Capital Goods,nse_official,Capital Goods
EMSLIMITED,EMS Limited,Capital Goods,provider,Industrials
ENRIN,Siemens Energy India Limited,Capital Goods,nse_official,Capital Goods
EPACKPEB,EPack Prefab Technologies Limited,Capital Goods,provider,Industrials
EPL,EPL Limited,Capital Goods,nse_official,Capital Goods
ESABINDIA,Esab India Limited,Capital Goods,provider,Industrials
ESCORTS,Escorts Kubota Limited,Capital Goods,nse_official,Capital Goods
ESSARSHPNG,Essar Shipping Limited,Capital Goods,provider,Industrials
EUROBOND,Euro Panel Products Limited,Capital Goods,provider,Industrials
EVEREADY,Eveready Industries India Limited,Capital Goods,provider,Industrials
EVERESTIND,Everest Industries Limited,Capital Goods,provider,Building Products & Equipment
EXICOM,Exicom Tele-Systems Limited,Capital Goods,provider,Industrials
EXXARO,Exxaro Tiles Limited,Capital Goods,provider,Industrials
FINCABLES,Finolex Cables Limited,Capital Goods,nse_official,Capital Goods
FINPIPE,Finolex Industries Limited,Capital Goods,nse_official,Capital Goods
FLAIR,Flair Writing Industries Limited,Capital Goods,provider,Industrials
FRONTSP,Frontier Springs Limited,Capital Goods,provider,Industrials
GALAPREC,Gala Precision Engineering Limited,Capital Goods,provider,Industrials
GALLANTT,Gallantt Ispat Limited,Capital Goods,nse_official,Capital Goods
GANDHITUBE,Gandhi Special Tubes Limited,Capital Goods,provider,Industrials
GARUDA,Garuda Construction and Engineering Limited,Capital Goods,provider,Industrials
GATEWAY,Gateway Distriparks Limited,Capital Goods,provider,Industrials
GEEKAYWIRE,Geekay Wires Limited,Capital Goods,provider,Industrials
GENCON,Generic Engineering Construction and Projects Limited,Capital Goods,provider,Industrials
GENUSPOWER,Genus Power Infrastructures Limited,Capital Goods,provider,Industrials
GICL,Globe International Carriers Limited,Capital Goods,provider,Industrials
GKWLIMITED,GKW Limited,Capital Goods,provider,Industrials
GLOBALVECT,Global Vectra Helicorp Limited,Capital Goods,provider,Industrials
GLOBECIVIL,Globe Civil Projects Limited,Capital Goods,provider,Industrials
GLOTTIS,Glottis Limited,Capital Goods,provider,Industrials
GMMPFAUDLR,GMM Pfaudler Limited,Capital Goods,nse_official,Capital Goods
GPIL,Godawari Power And Ispat limited,Capital Goods,nse_official,Capital Goods
GPTINFRA,GPT Infraprojects Limited,Capital Goods,provider,Industrials
GRAPHITE,Graphite India Limited,Capital Goods,nse_official,Capital Goods
GREAVESCOT,Greaves Cotton Limited,Capital Goods,nse_official,Capital Goods
GRINDWELL,Grindwell Norton Limited,Capital Goods,nse_official,Capital Goods
GRINFRA,G R Infraprojects Limited,Capital Goods,provider,Industrials
GRSE,Garden Reach Shipbuilders & Engineers Limited,Capital Goods,nse_official,Capital Goods
GRWRHITECH,Garware Hi-Tech Films Limited,Capital Goods,nse_official,Capital Goods
GUJAPOLLO,Gujarat Apollo Industries Limited,Capital Goods,provider,Industrials
GUJRAFFIA,Gujarat Raffia Industries Limited,Capital Goods,manual,
GVPIL,GE Power India Limited,Capital Goods,provider,Industrials
GVT&D,GE Vernova T&D India Limited,Capital Goods,nse_official,Capital Goods
HAL,Hindustan Aeronautics Limited,Capital Goods,nse_official,Capital Goods
HAPPYFORGE,Happy Forgings Limited,Capital Goods,provider,Industrials
HARDWYN,Hardwyn India Limited,Capital Goods,provider,Industrials
HARSHA,Harsha Engineers International Limited,Capital Goods,provider,Industrials
HBLENGINE,HBL Engineering Limited,Capital Goods,nse_official,Capital Goods
HECPROJECT,HEC Infra Projects Limited,Capital Goods,provider,Industrials
HEG,HEG Limited,Capital Goods,nse_official,Capital Goods
HGS,Hinduja Global Solutions Limited,Capital Goods,provider,Industrials
HILINFRA,Highway Infrastructure Limited,Capital Goods,provider,Industrials
HILTON,Hilton Metal Forging Limited,Capital Goods,provider,Industrials
HIRECT,Hirect Limited,Capital Goods,provider,Industrials
HLEGLAS,HLE Glascoat Limited,Capital Goods,provider,Industrials
HMT,HMT Limited,Capital Goods,provider,Farm & Heavy Construction Machinery
HNDFDS,Hindustan Foods Limited,Capital Goods,provider,Industrials
HONAUT,Honeywell Automation India Limited,Capital Goods,nse_official,Capital Goods
HONDAPOWER,Honda India Power Products Limited,Capital Goods,provider,Industrials
HPL,HPL Electric & Power Limited,Capital Goods,provider,Industrials
ICEMAKE,Ice Make Refrigeration Limited,Capital Goods,provider,Industrials
INDIANHUME,Indian Hume Pipe Company Limited,Capital Goods,provider,Industrials
INDOFARM,Indo Farm Equipment Limited,Capital Goods,provider,Industrials
INDOTECH,Indo Tech Transformers Limited,Capital Goods,provider,Industrials
INGERRAND,Ingersoll Rand (India) Limited,Capital Goods,provider,Industrials
INNOVISION,Innovision Limited,Capital Goods,provider,Industrials
INOXINDIA,INOX India Limited,Capital Goods,nse_official,Capital Goods
INOXWIND,Inox Wind Limited,Capital Goods,nse_official,Capital Goods
INTERARCH,Interarch Building Solutions Limited,Capital Goods,provider,Industrials
INTLCONV,International Conveyors Limited,Capital Goods,provider,Industrials
ISGEC,Isgec Heavy Engineering Limited,Capital Goods,provider,Industrials
JASH,Jash Engineering Limited,Capital Goods,provider,Industrials
JAYKAY,Jaykay Enterprises Limited,Capital Goods,provider,Industrials
JAYNECOIND,Jayaswal Neco Industries Limited,Capital Goods,nse_official,Capital Goods
JETFREIGHT,Jet Freight Logistics Limited,Capital Goods,provider,Industrials
JINDALSAW,Jindal Saw Limited,Capital Goods,nse_official,Capital Goods
JISLDVREQS,Jain Irrigation Systems Limited,Capital Goods,provider,Industrials
JISLJALEQS,Jain Irrigation Systems Limited,Capital Goods,provider,Industrials
JITFINFRA,JITF Infralogistics Limited,Capital Goods,provider,Industrials
JKIL,J.Kumar Infraprojects Limited,Capital Goods,provider,Industrials
JKIPL,Jinkushal Industries Limited,Capital Goods,provider,Industrials
JNKINDIA,JNK India Limited,Capital Goods,provider,Industrials
JWL,Jupiter Wagons Limited,Capital Goods,nse_official,Capital Goods
JYOTICNC,Jyoti CNC Automation Limited,Capital Goods,nse_official,Capital Goods
JYOTISTRUC,Jyoti Structures Limited,Capital Goods,provider,Industrials
KABRAEXTRU,Kabra Extrusion Technik Limited,Capital Goods,manual,
KANANIIND,Kanani Industries Limited,Capital Goods,manual,
KAYNES,Kaynes Technology India Limited,Capital Goods,nse_official,Capital Goods
KCP,KCP Limited,Capital Goods,manual,
KEI,KEI Industries Limited,Capital Goods,nse_official,Capital Goods
KENNAMET,Kennametal India Limited,Capital Goods,provider,Industrials
KHAITANLTD,Khaitan (India) Limited,Capital Goods,provider,Industrials
KIRIINDUS,Kiri Industries Limited,Capital Goods,manual,
KIRLFER,Kirloskar Ferrous Industries Limited,Capital Goods,manual,
KIRLOSBROS,Kirloskar Brothers Limited,Capital Goods,nse_official,Capital Goods
KIRLOSENG,Kirloskar Oil Engines Limited,Capital Goods,nse_official,Capital Goods
KIRLOSIND,Kirloskar Industries Limited,Capital Goods,manual,
KIRLPNU,Kirloskar Pneumatic Company Limited,Capital Goods,nse_official,Capital Goods
KLBRENG-B,Kilburn Engineering Limited,Capital Goods,provider,Industrials
KOKUYOCMLN,Kokuyo Camlin Limited,Capital Goods,manual,
KOTIC,Kothari Industrial Corporation Limited,Capital Goods,manual,
KRISHNADEF,Krishna Defence And Allied Industries Limited,Capital Goods,manual,
KRITI,Kriti Industries (India) Limited,Capital Goods,manual,
KRN,KRN Heat Exchanger and Refrigeration Limited,Capital Goods,nse_official,Capital Goods
KRYSTAL,Krystal Integrated Services Limited,Capital Goods,provider,Industrials
KSB,Ksb Limited,Capital Goods,nse_official,Capital Goods
KSHINTL,KSH International Limited,Capital Goods,manual,
LAKPRE,Lakshmi Precision Screws Limited,Capital Goods,provider,Tools & Accessories
LATTEYS,Latteys Industries Limited,Capital Goods,manual,
LEXUS,Lexus Granito (India) Limited,Capital Goods,manual,
LINC,Linc Limited,Capital Goods,manual,
LLOYDSENGG,LLOYDS ENGINEERING WORKS LIMITED,Capital Goods,nse_official,Capital Goods
LMW,LMW Limited,Capital Goods,manual,
LOKESHMACH,Lokesh Machines Limited,Capital Goods,provider,Specialty Industrial Machinery
MAFATIND,Mafatlal Industries Limited,Capital Goods,manual,
MAHSEAMLES,Maharashtra Seamless Limited,Capital Goods,nse_official,Capital Goods
MALLCOM,Mallcom (India) Limited,Capital Goods,provider,Industrials
MAMATA,Mamata Machinery Limited,Capital Goods,manual,
MANINDS,Man Industries (India) Limited,Capital Goods,manual,
MANINFRA,Man Infraconstruction Limited,Capital Goods,provider,Industrials
MANUGRAPH,Manugraph India Limited,Capital Goods,provider,Specialty Industrial Machinery
MARSONS,Marsons Limited,Capital Goods,manual,
MAZDA,Mazda Limited,Capital Goods,provider,Specialty Industrial Machinery
MAZDOCK,Mazagon Dock Shipbuilders Limited,Capital Goods,nse_official,Capital Goods
MBEL,M & B Engineering Limited,Capital Goods,provider,Industrials
MICEL,MIC Electronics Limited,Capital Goods,provider,Electronic Components
MIDHANI,Mishra Dhatu Nigam Limited,Capital Goods,nse_official,Capital Goods
MMP,MMP Industries Limited,Capital Goods,manual,
MODISONLTD,MODISON LIMITED,Capital Goods,provider,Electrical Equipment & Parts
MOHITIND,Mohit Industries Limited,Capital Goods,manual,
MTARTECH,Mtar Technologies Limited,Capital Goods,nse_official,Capital Goods
NACLIND,NACL Industries Limited,Capital Goods,manual,
NEAGI,Neelamalai Agro Industries Limited,Capital Goods,manual,
NIBE,NIBE Limited,Capital Goods,manual,
NIPPOBATRY,Indo-National Limited,Capital Goods,provider,Industrials
NIRAJISPAT,Niraj Ispat Industries Limited,Capital Goods,manual,
NITCO,Nitco Limited,Capital Goods,manual,
NOIDATOLL,Noida Toll Bridge Company Limited,Capital Goods,provider,Industrials
NRAIL,N R Agarwal Industries Limited,Capital Goods,manual,
OBCL,OBCL Limited,Capital Goods,provider,Industrials
ORIENTBELL,Orient Bell Limited,Capital Goods,manual,
ORIENTCER,ORIENT CERATECH LIMITED,Capital Goods,manual,
ORIENTPPR,Orient Paper & Industries Limited,Capital Goods,manual,
OSWALPUMPS,Oswal Pumps Limited,Capital Goods,nse_official,Capital Goods
PARAS,Paras Defence and Space Technologies Limited,Capital Goods,nse_official,Capital Goods
PAVNAIND,Pavna Industries Limited,Capital Goods,manual,
PENIND,Pennar Industries Limited,Capital Goods,manual,
PLATIND,Platinum Industries Limited,Capital Goods,manual,
PLAZACABLE,Plaza Wires Limited,Capital Goods,manual,
POLYCAB,Polycab India Limited,Capital Goods,nse_official,Capital Goods
POWERICA,Powerica Limited,Capital Goods,provider,Industrials
POWERINDIA,Hitachi Energy India Limited,Capital Goods,nse_official,Capital Goods
PPL,Prakash Pipes Limited,Capital Goods,provider,Building Products & Equipment
PRAJIND,Praj Industries Limited,Capital Goods,nse_official,Capital Goods
PRAKASH,Prakash Industries Limited,Capital Goods,manual,
PRECWIRE,Precision Wires India Limited,Capital Goods,manual,
PREMEXPLN,Premier Explosives Limited,Capital Goods,manual,
PREMIER,Premier Limited,Capital Goods,provider,Specialty Industrial Machinery
PREMIERENE,Premier Energies Limited,Capital Goods,nse_official,Capital Goods
PRINCEPIPE,Prince Pipes And Fittings Limited,Capital Goods,manual,
PRITIKAUTO,Pritika Auto Industries Limited,Capital Goods,provider,Specialty Industrial Machinery
PTCIL,PTC Industries Limited,Capital Goods,nse_official,Capital Goods
QPOWER,Quality Power Electrical Equipments Limited,Capital Goods,nse_official,Capital Goods
QUADFUTURE,Quadrant Future Tek Limited,Capital Goods,provider,Industrials
RAJOOENG,Rajoo Engineers Limited,Capital Goods,provider,Specialty Industrial Machinery
RAMCOIND,Ramco Industries Limited,Capital Goods,manual,
RAMRAT,Ram Ratna Wires Limited,Capital Goods,provider,Industrials
RATNAMANI,Ratnamani Metals & Tubes Limited,Capital Goods,nse_official,Capital Goods
RESPONIND,Responsive Industries Limited,Capital Goods,manual,
RHIM,RHI MAGNESITA INDIA LIMITED,Capital Goods,nse_official,Capital Goods
RIIL,Reliance Industrial Infrastructure Limited,Capital Goods,provider,Industrials
RISHABH,Rishabh Instruments Limited,Capital Goods,manual,
RMDRIP,R M Drip and Sprinklers Systems Limited,Capital Goods,provider,Farm & Heavy Construction Machinery
ROSSTECH,Rossell Techsys Limited,Capital Goods,manual,
ROTO,Roto Pumps Limited,Capital Goods,manual,
RPEL,Raghav Productivity Enhancers Limited,Capital Goods,manual,
RRKABEL,R R Kabel Limited,Capital Goods,nse_official,Capital Goods
RVTH,Revathi Equipment India Limited,Capital Goods,manual,
S&SPOWER,S&S Power Switchgears Limited,Capital Goods,provider,Industrials
SAATVIKGL,Saatvik Green Energy Limited,Capital Goods,nse_official,Capital Goods
SAHYADRI,Sahyadri Industries Limited,Capital Goods,manual,
SALZERELEC,Salzer Electronics Limited,Capital Goods,manual,
SBCL,Shivalik Bimetal Controls Limited,Capital Goods,provider,Industrials
SCHNEIDER,Schneider Electric Infrastructure Limited,Capital Goods,nse_official,Capital Goods
SEDEMAC,SEDEMAC Mechatronics Limited,Capital Goods,manual,
SEJALLTD,Sejal Glass Limited,Capital Goods,manual,
SGIL,Synergy Green Industries Limited,Capital Goods,manual,
SHAKTIPUMP,Shakti Pumps (India) Limited,Capital Goods,nse_official,Capital Goods
SHINDL,Sharat Industries Limited,Capital Goods,manual,
SHREYANIND,Shreyans Industries Limited,Capital Goods,manual,
SHYAMMETL,Shyam Metalics and Energy Limited,Capital Goods,nse_official,Capital Goods
SIEMENS,Siemens Limited,Capital Goods,nse_official,Capital Goods
SIGACHI,Sigachi Industries Limited,Capital Goods,manual,
SIGIND,Signet Industries Limited,Capital Goods,provider,Industrials
SIS,SIS LIMITED,Capital Goods,provider,Industrials
SKFINDUS,SKF India (Industrial) Limited,Capital Goods,nse_official,Capital Goods
SKIPPER,Skipper Limited,Capital Goods,nse_official,Capital Goods
SMLMAH,SML Mahindra Limited,Capital Goods,nse_official,Capital Goods
SOMANYCERA,Somany Ceramics Limited,Capital Goods,provider,Industrials
SOMATEX,Soma Textiles & Industries Limited,Capital Goods,manual,
SOMICONVEY,Somi Conveyor Beltings Limited,Capital Goods,manual,
SPECTRUM,Spectrum Electrical Industries Limited,Capital Goods,provider,Electrical Equipment & Parts
SPLIL,SPL Industries Limited,Capital Goods,manual,
STERTOOLS,Sterling Tools Limited,Capital Goods,provider,Tools & Accessories
STYLAMIND,Stylam Industries Limited,Capital Goods,manual,
SUBROS,Subros Limited,Capital Goods,nse_official,Capital Goods
SUMEETINDS,Sumeet Industries Limited,Capital Goods,manual,
SUPREMEIND,Supreme Industries Limited,Capital Goods,nse_official,Capital Goods
SURYAROSNI,Surya Roshni Limited,Capital Goods,nse_official,Capital Goods
SUZLON,Suzlon Energy Limited,Capital Goods,nse_official,Capital Goods
SWANDEF,Swan Defence and Heavy Industries Limited,Capital Goods,provider,Aerospace & Defense
SYRMA,Syrma SGS Technology Limited,Capital Goods,nse_official,Capital Goods
TARIL,Transformers And Rectifiers (India) Limited,Capital Goods,nse_official,Capital Goods
TDPOWERSYS,TD Power Systems Limited,Capital Goods,nse_official,Capital Goods
TEGA,Tega Industries Limited,Capital Goods,nse_official,Capital Goods
TEMBO,Tembo Global Industries Limited,Capital Goods,manual,
TEXMOPIPES,Texmo Pipes and Products Limited,Capital Goods,provider,Building Products & Equipment
TEXRAIL,Texmaco Rail & Engineering Limited,Capital Goods,nse_official,Capital Goods
THERMAX,Thermax Limited,Capital Goods,nse_official,Capital Goods
TIIL,Technocraft Industries (India) Limited,Capital Goods,manual,
TIJARIA,Tijaria Polypipes Limited,Capital Goods,provider,Building Products & Equipment
TIL,TIL Limited,Capital Goods,provider,Farm & Heavy Construction Machinery
TIMETECHNO,Time Technoplast Limited,Capital Goods,nse_official,Capital Goods
TIMKEN,Timken India Limited,Capital Goods,nse_official,Capital Goods
TITAGARH,TITAGARH RAIL SYSTEMS LIMITED,Capital Goods,nse_official,Capital Goods
TMCV,Tata Motors Limited,Capital Goods,nse_official,Capital Goods
TRANSRAILL,Transrail Lighting Limited,Capital Goods,nse_official,Capital Goods
TRF,TRF Limited,Capital Goods,provider,Industrials
TRITURBINE,Triveni Turbine Limited,Capital Goods,nse_official,Capital Goods
ACC,ACC Limited,Cement,nse_official,Construction Materials
AMBUJACEM,Ambuja Cements Limited,Cement,nse_official,Construction Materials
BIRLACORPN,Birla Corporation Limited,Cement,nse_official,Construction Materials
DALBHARAT,Dalmia Bharat Limited,Cement,nse_official,Construction Materials
GRASIM,Grasim Industries Limited,Cement,nse_official,Construction Materials
INDIACEM,The India Cements Limited,Cement,nse_official,Construction Materials
JKCEMENT,JK Cement Limited,Cement,nse_official,Construction Materials
JKLAKSHMI,JK Lakshmi Cement Limited,Cement,nse_official,Construction Materials
JSWCEMENT,JSW Cement Limited,Cement,nse_official,Construction Materials
KESORAMIND,Kesoram Industries Limited,Cement,provider,Building Materials
NAVKARURB,Navkar Urbanstructure Limited,Cement,provider,Building Materials
NUVOCO,Nuvoco Vistas Corporation Limited,Cement,nse_official,Construction Materials
ORIENTCEM,Orient Cement Limited,Cement,nse_official,Construction Materials
PRSMJOHNSN,Prism Johnson Limited,Cement,nse_official,Construction Materials
RAMCOCEM,The Ramco Cements Limited,Cement,nse_official,Construction Materials
SHREECEM,SHREE CEMENT LIMITED,Cement,nse_official,Construction Materials
STARCEMENT,Star Cement Limited,Cement,nse_official,Construction Materials
ULTRACEMCO,UltraTech Cement Limited,Cement,nse_official,Construction Materials
20MICRONS,20 Microns Limited,Chemicals,provider,Basic Materials
AARTIIND,Aarti Industries Limited,Chemicals,nse_official,Chemicals
AARTISURF,Aarti Surfactants Limited,Chemicals,provider,Specialty Chemicals
ABMINTLLTD,ABM International Limited,Chemicals,provider,Specialty Chemicals
ACI,Archean Chemical Industries Limited,Chemicals,nse_official,Chemicals
ACL,Andhra Cements Limited,Chemicals,provider,Basic Materials
ADVANCE,Advance Agrolife Limited,Chemicals,provider,Basic Materials
AEROENTER,Aeroflex Enterprises Limited,Chemicals,provider,Basic Materials
AETHER,Aether Industries Limited,Chemicals,nse_official,Chemicals
AGARIND,Agarwal Industrial Corporation Limited,Chemicals,provider,Basic Materials
AGROPHOS,Agro Phos India Limited,Chemicals,provider,Basic Materials
AKSHARCHEM,AksharChem India Limited,Chemicals,provider,Specialty Chemicals
ALKALI,Alkali Metals Limited,Chemicals,provider,Specialty Chemicals
ALKYLAMINE,Alkyl Amines Chemicals Limited,Chemicals,nse_official,Chemicals
AMNPLST,Amines & Plasticizers Limited,Chemicals,provider,Basic Materials
ANDHRAPAP,ANDHRA PAPER LIMITED,Chemicals,provider,Basic Materials
ANDHRSUGAR,The Andhra Sugars Limited,Chemicals,provider,Basic Materials
ANURAS,Anupam Rasayan India Limited,Chemicals,nse_official,Chemicals
APCL,Anjani Portland Cement Limited,Chemicals,provider,Basic Materials
APCOTEXIND,Apcotex Industries Limited,Chemicals,provider,Basic Materials
ARCHIDPLY,Archidply Industries Limited,Chemicals,provider,Basic Materials
ARENTERP,Rajdarshan Industries Limited,Chemicals,provider,Basic Materials
ARFIN,Arfin India Limited,Chemicals,provider,Basic Materials
ARIES,Aries Agro Limited,Chemicals,provider,Basic Materials
ARVEE,Arvee Laboratories (India) Limited,Chemicals,provider,Basic Materials
ASAHISONG,Asahi Songwon Colors Limited,Chemicals,provider,Specialty Chemicals
ASHOKAMET,Ashoka Metcast Limited,Chemicals,provider,Basic Materials
ASTEC,Astec LifeSciences Limited,Chemicals,provider,Basic Materials
ATUL,Atul Limited,Chemicals,nse_official,Chemicals
AVTNPL,AVT Natural Products Limited,Chemicals,provider,Basic Materials
BALAMINES,Balaji Amines Limited,Chemicals,nse_official,Chemicals
BANSALWIRE,Bansal Wire Industries Limited,Chemicals,provider,Basic Materials
BASF,BASF India Limited,Chemicals,provider,Basic Materials
BAYERCROP,Bayer Cropscience Limited,Chemicals,nse_official,Chemicals
BEDMUTHA,Bedmutha Industries Limited,Chemicals,provider,Basic Materials
BEEKAY,Beekay Steel Industries Limited,Chemicals,provider,Basic Materials
BEPL,Bhansali Engineering Polymers Limited,Chemicals,provider,Basic Materials
BESTAGRO,Best Agrolife Limited,Chemicals,provider,Basic Materials
BHAGCHEM,Bhagiradha Chemicals & Industries Limited,Chemicals,provider,Basic Materials
BHAGERIA,Bhageria Industries Limited,Chemicals,provider,Specialty Chemicals
BHAGYANGR,Bhagyanagar India Limited,Chemicals,provider,Basic Materials
BHARATCOAL,Bharat Coking Coal Limited,Chemicals,provider,Basic Materials
BHARATRAS,Bharat Rasayan Limited,Chemicals,provider,Basic Materials
BHARATWIRE,Bharat Wire Ropes Limited,Chemicals,provider,Basic Materials
BLACKROSE,Black Rose Inds. Limited,Chemicals,provider,Specialty Chemicals
BMWVENTLTD,BMW Ventures Limited,Chemicals,provider,Basic Materials
BODALCHEM,Bodal Chemicals Limited,Chemicals,provider,Specialty Chemicals
BONLON,Bonlon Industries Limited,Chemicals,provider,Basic Materials
BSHSL,Bombay Super Hybrid Seeds Limited,Chemicals,provider,Basic Materials
BVCL,Barak Valley Cements Limited,Chemicals,provider,Basic Materials
CAMLINFINE,Camlin Fine Sciences Limited,Chemicals,provider,Basic Materials
CENTEXT,Century Extrusions Limited,Chemicals,provider,Basic Materials
CHAMBLFERT,Chambal Fertilizers & Chemicals Limited,Chemicals,nse_official,Chemicals
CHEMBOND,Chembond Material Technologies Limited,Chemicals,provider,Basic Materials
CHEMBONDCH,Chembond Chemicals Limited,Chemicals,provider,Specialty Chemicals
CHEMCON,Chemcon Speciality Chemicals Limited,Chemicals,provider,Specialty Chemicals
CHEMFAB,Chemfab Alkalis Limited,Chemicals,provider,Basic Materials
CHEMPLASTS,Chemplast Sanmar Limited,Chemicals,provider,Basic Materials
CLEAN,Clean Science and Technology Limited,Chemicals,nse_official,Chemicals
CMPDI,Central Mine Planning & Design Institute Limited,Chemicals,provider,Basic Materials
COROMANDEL,Coromandel International Limited,Chemicals,nse_official,Chemicals
CUBEXTUB,Cubex Tubings Limited,Chemicals,provider,Basic Materials
DAICHI,Dai-Ichi Karkaria Limited,Chemicals,provider,Basic Materials
DCW,DCW Limited,Chemicals,provider,Basic Materials
DDEVPLSTIK,Ddev Plastiks Industries Limited,Chemicals,provider,Basic Materials
DECCANCE,Deccan Cements Limited,Chemicals,provider,Basic Materials
DECNGOLD,Deccan Gold Mines Limited,Chemicals,provider,Basic Materials
DEEPAKFERT,Deepak Fertilizers and Petrochemicals Corporation Limited,Chemicals,nse_official,Chemicals
DEEPAKNTR,Deepak Nitrite Limited,Chemicals,nse_official,Chemicals
DHANUKA,Dhanuka Agritech Limited,Chemicals,provider,Basic Materials
DHARMAJ,Dharmaj Crop Guard Limited,Chemicals,provider,Basic Materials
DIAMINESQ,Diamines & Chemicals Limited,Chemicals,provider,Basic Materials
DICIND,DIC India Limited,Chemicals,provider,Basic Materials
DMCC,DMCC SPECIALITY CHEMICALS LIMITED,Chemicals,provider,Basic Materials
DSFCL,DCM Shriram Fine Chemicals Limited,Chemicals,provider,Specialty Chemicals
DYNPRO,Dynemic Products Limited,Chemicals,provider,Basic Materials
ELANTAS,Elantas Beck India Limited,Chemicals,provider,Basic Materials
ELECTHERM,Electrotherm (India) Limited,Chemicals,provider,Basic Materials
ELLEN,Ellenbarrie Industrial Gases Limited,Chemicals,nse_official,Chemicals
EPIGRAL,Epigral Limited,Chemicals,provider,Basic Materials
ESTER,Ester Industries Limited,Chemicals,provider,Basic Materials
EUROPRATIK,Euro Pratik Sales Limited,Chemicals,provider,Basic Materials
EXCELINDUS,Excel Industries Limited,Chemicals,provider,Basic Materials
FACT,Fertilizers and Chemicals Travancore Limited,Chemicals,nse_official,Chemicals
FAIRCHEMOR,Fairchem Organics Limited,Chemicals,provider,Specialty Chemicals
FCL,Fineotex Chemical Limited,Chemicals,provider,Basic Materials
FINEORG,Fine Organic Industries Limited,Chemicals,provider,Basic Materials
FLUOROCHEM,Gujarat Fluorochemicals Limited,Chemicals,nse_official,Chemicals
FOSECOIND,Foseco India Limited,Chemicals,provider,Basic Materials
GALAXYSURF,Galaxy Surfactants Limited,Chemicals,provider,Basic Materials
GANESHBE,Ganesh Benzoplast Limited,Chemicals,provider,Specialty Chemicals
GEMAROMA,Gem Aromatics Limited,Chemicals,provider,Basic Materials
GENUSPAPER,Genus Paper & Boards Limited,Chemicals,provider,Basic Materials
GHCL,GHCL Limited,Chemicals,nse_official,Chemicals
GNFC,Gujarat Narmada Valley Fertilizers and Chemicals Limited,Chemicals,nse_official,Chemicals
GOACARBON,Goa Carbon Limited,Chemicals,provider,Basic Materials
GOCLCORP,GOCL Corporation Limited,Chemicals,provider,Basic Materials
GODAVARIB,Godavari Biorefineries Limited,Chemicals,provider,Basic Materials
GOODLUCK,Goodluck India Limited,Chemicals,provider,Basic Materials
GOYALALUM,Goyal Aluminiums Limited,Chemicals,provider,Basic Materials
GRAUWEIL,Grauer & Weil India Limited,Chemicals,provider,Basic Materials
GREENPANEL,Greenpanel Industries Limited,Chemicals,provider,Basic Materials
GREENPLY,Greenply Industries Limited,Chemicals,provider,Basic Materials
GSFC,Gujarat State Fertilizers & Chemicals Limited,Chemicals,nse_official,Chemicals
GSLSU,Global Surfaces Limited,Chemicals,provider,Basic Materials
GSPCROP,GSP Crop Science Limited,Chemicals,provider,Basic Materials
GUJALKALI,Gujarat Alkalies and Chemicals Limited,Chemicals,provider,Basic Materials
GULFOILLUB,Gulf Oil Lubricants India Limited,Chemicals,provider,Basic Materials
GULPOLY,Gulshan Polyols Limited,Chemicals,provider,Basic Materials
HARIOMPIPE,Hariom Pipe Industries Limited,Chemicals,provider,Basic Materials
HEIDELBERG,HeidelbergCement India Limited,Chemicals,provider,Basic Materials
HERANBA,Heranba Industries Limited,Chemicals,provider,Basic Materials
HINDCON,Hindcon Chemicals Limited,Chemicals,provider,Basic Materials
HISARMETAL,Hisar Metal Industries Limited,Chemicals,provider,Basic Materials
HITECH,Hi-Tech Pipes Limited,Chemicals,provider,Basic Materials
HPAL,HP Adhesives Limited,Chemicals,provider,Basic Materials
HPIL,Hindprakash Industries Limited,Chemicals,provider,Basic Materials
HSCL,Himadri Speciality Chemical Limited,Chemicals,nse_official,Chemicals
IFGLEXPOR,IFGL Refractories Limited,Chemicals,provider,Basic Materials
IGCL,Indogulf Cropsciences Limited,Chemicals,provider,Basic Materials
IGPL,IG Petrochemicals Limited,Chemicals,provider,Basic Materials
INCREDIBLE,INCREDIBLE INDUSTRIES LIMITED,Chemicals,provider,Basic Materials
INDOAMIN,Indo Amines Limited,Chemicals,provider,Chemicals
INDOBORAX,Indo Borax & Chemicals Limited,Chemicals,provider,Basic Materials
INDOUS,Indo Us Biotech Limited,Chemicals,provider,Basic Materials
INSECTICID,Insecticides (India) Limited,Chemicals,provider,Basic Materials
IPL,India Pesticides Limited,Chemicals,provider,Basic Materials
ISHANCH,Ishan Dyes and Chemicals Limited,Chemicals,provider,Basic Materials
IVP,IVP Limited,Chemicals,provider,Specialty Chemicals
IWP,The Indian Wood Products Company Limited,Chemicals,provider,Basic Materials
JAICORPLTD,Jai Corp Limited,Chemicals,provider,Basic Materials
JAYAGROGN,Jayant Agro Organics Limited,Chemicals,provider,Basic Materials
JGCHEM,J.G.Chemicals Limited,Chemicals,provider,Basic Materials
JOCIL,Jocil Limited,Chemicals,provider,Specialty Chemicals
JTLIND,JTL INDUSTRIES LIMITED,Chemicals,provider,Basic Materials
JUBLINGREA,Jubilant Ingrevia Limited,Chemicals,nse_official,Chemicals
KAMAHOLD,Kama Holdings Limited,Chemicals,manual,
KANCHI,Kanchi Karpooram Limited,Chemicals,manual,
KANORICHEM,Kanoria Chemicals & Industries Limited,Chemicals,provider,Chemicals
KHAICHEM,Khaitan Chemicals & Fertilizers Limited,Chemicals,manual,
KOTARISUG,Kothari Sugars And Chemicals Limited,Chemicals,manual,
KOTYARK,Kotyark Industries Limited,Chemicals,provider,Specialty Chemicals
KREBSBIO,Krebs Biochemicals and Industries Limited,Chemicals,manual,
KRISHANA,Krishana Phoschem Limited,Chemicals,manual,
KRITIKA,Kritika Wires Limited,Chemicals,provider,Basic Materials
KRONOX,Kronox Lab Sciences Limited,Chemicals,provider,Basic Materials
LINDEINDIA,Linde India Limited,Chemicals,nse_official,Chemicals
LORDSCHLO,Lords Chloro Alkali Limited,Chemicals,manual,
LXCHEM,Laxmi Organic Industries Limited,Chemicals,nse_official,Chemicals
MADRASFERT,Madras Fertilizers Limited,Chemicals,manual,
MANORG,Mangalam Organics Limited,Chemicals,manual,
MODIRUBBER,Modi Rubber Limited,Chemicals,manual,
MOL,Meghmani Organics Limited,Chemicals,provider,Basic Materials
MUKANDLTD,Mukand Limited,Chemicals,provider,Basic Materials
NARMADA,Narmada Agrobase Limited,Chemicals,provider,Basic Materials
NAVINFLUOR,Navin Fluorine International Limited,Chemicals,nse_official,Chemicals
NEOGEN,Neogen Chemicals Limited,Chemicals,nse_official,Chemicals
NFL,National Fertilizers Limited,Chemicals,nse_official,Chemicals
NITTAGELA,Nitta Gelatin India Limited,Chemicals,manual,
NOCIL,NOCIL Limited,Chemicals,manual,
NOVAAGRI,Nova Agritech Limited,Chemicals,provider,Agricultural Inputs
OAL,Oriental Aromatics Limited,Chemicals,manual,
OCCLLTD,OCCL Limited,Chemicals,provider,Chemicals
OSWALGREEN,Oswal Greentech Limited,Chemicals,manual,
OSWALSEEDS,ShreeOswal Seeds And Chemicals Limited,Chemicals,manual,
PARADEEP,Paradeep Phosphates Limited,Chemicals,nse_official,Chemicals
PAUSHAKLTD,Paushak Limited,Chemicals,manual,
PCBL,PCBL Chemical Limited,Chemicals,nse_official,Chemicals
PEARLPOLY,Pearl Polymers Limited,Chemicals,manual,
PIDILITIND,Pidilite Industries Limited,Chemicals,nse_official,Chemicals
PIIND,PI Industries Limited,Chemicals,nse_official,Chemicals
PLASTIBLEN,Plastiblends India Limited,Chemicals,provider,Basic Materials
POCL,Pondy Oxides & Chemicals Limited,Chemicals,manual,
PODDARMENT,Poddar Pigments Limited,Chemicals,manual,
PRIMO,Primo Chemicals Limited,Chemicals,manual,
PRIVISCL,Privi Speciality Chemicals Limited,Chemicals,nse_official,Chemicals
PUNJABCHEM,Punjab Chemicals & Crop Protection Limited,Chemicals,manual,
RAIN,Rain Industries Limited,Chemicals,nse_official,Chemicals
RAJSREESUG,Rajshree Sugars & Chemicals Limited,Chemicals,manual,
RALLIS,Rallis India Limited,Chemicals,nse_official,Chemicals
RAMAPHO,Rama Phosphates Limited,Chemicals,manual,
RCF,Rashtriya Chemicals and Fertilizers Limited,Chemicals,nse_official,Chemicals
RELCHEMQ,Reliance Chemotex Industries Limited,Chemicals,manual,
RUBFILA,Rubfila International Limited,Chemicals,provider,Basic Materials
SADHNANIQ,Sadhana Nitrochem Limited,Chemicals,provider,Chemicals
SALASAR,Salasar Techno Engineering Limited,Chemicals,provider,Basic Materials
SANGINITA,Sanginita Chemicals Limited,Chemicals,provider,Chemicals
SANSTAR,Sanstar Limited,Chemicals,provider,Basic Materials
SATIA,Satia Industries Limited,Chemicals,provider,Basic Materials
SCODATUBES,Scoda Tubes Limited,Chemicals,provider,Basic Materials
SESHAPAPER,Seshasayee Paper and Boards Limited,Chemicals,provider,Basic Materials
SEYAIND,Seya Industries Limited,Chemicals,provider,Specialty Chemicals
SHALPAINTS,Shalimar Paints Limited,Chemicals,provider,Specialty Chemicals
SHARDACROP,Sharda Cropchem Limited,Chemicals,nse_official,Chemicals
SHIVALIK,Shivalik Rasayan Limited,Chemicals,provider,Agricultural Inputs
SHIVAUM,Shiv Aum Steels Limited,Chemicals,provider,Basic Materials
SHK,S H Kelkar and Company Limited,Chemicals,manual,
SHREEPUSHK,Shree Pushkar Chemicals & Fertilisers Limited,Chemicals,provider,Basic Materials
SIKKO,Sikko Industries Limited,Chemicals,provider,Agricultural Inputs
SIRCA,Sirca Paints India Limited,Chemicals,manual,
SOLARINDS,Solar Industries India Limited,Chemicals,nse_official,Chemicals
SPLPETRO,Supreme Petrochem Limited,Chemicals,nse_official,Chemicals
SRD,Shankar Lal Rampal Dye-Chem Limited,Chemicals,manual,
SRF,SRF Limited,Chemicals,nse_official,Chemicals
SRHHYPOLTD,Sree Rayalaseema Hi-Strength Hypo Limited,Chemicals,provider,Basic Materials
STALLION,Stallion India Fluorochemicals Limited,Chemicals,provider,Specialty Chemicals
STYRENIX,Styrenix Performance Materials Limited,Chemicals,nse_official,Chemicals
SUDARCOLOR,Sudarshan Colorants India Limited,Chemicals,manual,
SUDARSCHEM,Sudarshan Chemical Industries Limited,Chemicals,nse_official,Chemicals
SUDEEPPHRM,Sudeep Pharma Limited,Chemicals,nse_official,Chemicals
SUKHJITS,Sukhjit Starch & Chemicals Limited,Chemicals,manual,
SUMICHEM,Sumitomo Chemical India Limited,Chemicals,nse_official,Chemicals
SWANCORP,SWAN CORP LIMITED,Chemicals,nse_official,Chemicals
TAINWALCHM,Tainwala Chemical and Plastic (I) Limited,Chemicals,provider,Basic Materials
TATACHEM,Tata Chemicals Limited,Chemicals,nse_official,Chemicals
TINNARUBR,Tinna Rubber and Infrastructure Limited,Chemicals,manual,
TIRUMALCHM,Thirumalai Chemicals Limited,Chemicals,manual,
TNPETRO,Tamilnadu PetroProducts Limited,Chemicals,provider,Basic Materials
TRANSPEK,Transpek Industry Limited,Chemicals,provider,Chemicals
ULTRAMAR,Ultramarine & Pigments Limited,Chemicals,manual,
ADL,Archidply Decor Limited,Consumer Durables,provider,"Furnishings, Fixtures & Appliances"
AMBER,Amber Enterprises India Limited,Consumer Durables,nse_official,Consumer Durables
ASIANPAINT,Asian Paints Limited,Consumer Durables,nse_official,Consumer Durables
BAJAJELEC,Bajaj Electricals Limited,Consumer Durables,nse_official,Consumer Durables
BATAINDIA,Bata India Limited,Consumer Durables,nse_official,Consumer Durables
BERGEPAINT,Berger Paints (I) Limited,Consumer Durables,nse_official,Consumer Durables
BLUESTARCO,Blue Star Limited,Consumer Durables,nse_official,Consumer Durables
BLUESTONE,BlueStone Jewellery and Lifestyle Limited,Consumer Durables,nse_official,Consumer Durables
CAMPUS,Campus Activewear Limited,Consumer Durables,nse_official,Consumer Durables
CELLO,Cello World Limited,Consumer Durables,nse_official,Consumer Durables
CENTURYPLY,Century Plyboards (India) Limited,Consumer Durables,nse_official,Consumer Durables
CERA,Cera Sanitaryware Limited,Consumer Durables,nse_official,Consumer Durables
CROMPTON,Crompton Greaves Consumer Electricals Limited,Consumer Durables,nse_official,Consumer Durables
DIXON,Dixon Technologies (India) Limited,Consumer Durables,nse_official,Consumer Durables
ETHOSLTD,Ethos Limited,Consumer Durables,nse_official,Consumer Durables
EUREKAFORB,Eureka Forbes Limited,Consumer Durables,nse_official,Consumer Durables
FOCUS,Focus Lighting and Fixtures Limited,Consumer Durables,provider,"Furnishings, Fixtures & Appliances"
HAVELLS,Havells India Limited,Consumer Durables,nse_official,Consumer Durables
IFBIND,IFB Industries Limited,Consumer Durables,nse_official,Consumer Durables
INDIGOPNTS,Indigo Paints Limited,Consumer Durables,nse_official,Consumer Durables
JSWDULUX,JSW Dulux Limited,Consumer Durables,nse_official,Consumer Durables
KAJARIACER,Kajaria Ceramics Limited,Consumer Durables,nse_official,Consumer Durables
KALYANKJIL,Kalyan Jewellers India Limited,Consumer Durables,nse_official,Consumer Durables
KANSAINER,Kansai Nerolac Paints Limited,Consumer Durables,nse_official,Consumer Durables
KDDL,KDDL Limited,Consumer Durables,manual,
LAOPALA,La Opala RG Limited,Consumer Durables,manual,
LGEINDIA,LG Electronics India Limited,Consumer Durables,nse_official,Consumer Durables
NILKAMAL,Nilkamal Limited,Consumer Durables,manual,
PALREDTEC,Palred Technologies Limited,Consumer Durables,provider,Consumer Electronics
PCJEWELLER,PC Jeweller Limited,Consumer Durables,nse_official,Consumer Durables
PGEL,PG Electroplast Limited,Consumer Durables,nse_official,Consumer Durables
PNGJL,P N Gadgil Jewellers Limited,Consumer Durables,nse_official,Consumer Durables
PRITI,Priti International Limited,Consumer Durables,provider,"Furnishings, Fixtures & Appliances"
REDTAPE,Redtape Limited,Consumer Durables,nse_official,Consumer Durables
RELAXO,Relaxo Footwears Limited,Consumer Durables,nse_official,Consumer Durables
SAFARI,Safari Industries (India) Limited,Consumer Durables,nse_official,Consumer Durables
SENCO,Senco Gold Limited,Consumer Durables,nse_official,Consumer Durables
SFL,Sheela Foam Limited,Consumer Durables,nse_official,Consumer Durables
SHAILY,Shaily Engineering Plastics Limited,Consumer Durables,nse_official,Consumer Durables
SINGERIND,Singer India Limited,Consumer Durables,manual,
SKYGOLD,SKY GOLD AND DIAMONDS LIMITED,Consumer Durables,nse_official,Consumer Durables
SONAMLTD,SONAM LIMITED,Consumer Durables,manual,
STOVEKRAFT,Stove Kraft Limited,Consumer Durables,manual,
SYMPHONY,Symphony Limited,Consumer Durables,manual,
THANGAMAYL,Thangamayil Jewellery Limited,Consumer Durables,nse_official,Consumer Durables
TIMEX,Timex Group India Limited,Consumer Durables,manual,
TITAN,Titan Company Limited,Consumer Durables,nse_official,Consumer Durables
ABCOTS,A B Cotspin India Limited,Consumer Services,provider,Consumer Cyclical
ABFRL,Aditya Birla Fashion and Retail Limited,Consumer Services,nse_official,Consumer Services
ABLBL,Aditya Birla Lifestyle Brands Limited,Consumer Services,nse_official,Consumer Services
ADVANIHOTR,Advani Hotels & Resorts (India) Limited,Consumer Services,provider,Consumer Cyclical
ADVENTHTL,Advent Hotels International Limited,Consumer Services,provider,Consumer Cyclical
AERONEU,Aeroflex Neu Limited,Consumer Services,provider,Consumer Cyclical
AGI,AGI Greenpac Limited,Consumer Services,provider,Consumer Cyclical
AHLEAST,Asian Hotels (East) Limited,Consumer Services,provider,Consumer Cyclical
AHLWEST,Asian Hotels (West) Limited,Consumer Services,provider,Lodging
AIROLAM,Airo Lam limited,Consumer Services,provider,Consumer Cyclical
AKI,AKI India Limited,Consumer Services,provider,Consumer Cyclical
AKSHAR,Akshar Spintex Limited,Consumer Services,provider,Consumer Cyclical
AMBIKCO,Ambika Cotton Mills Limited,Consumer Services,provider,Consumer Cyclical
AMDIND,AMD Industries Limited,Consumer Services,provider,Consumer Cyclical
ANTGRAPHIC,Antarctica Limited,Consumer Services,provider,Consumer Cyclical
APTECHT,Aptech Limited,Consumer Services,provider,Education & Training Services
ARCHIES,Archies Limited,Consumer Services,provider,Consumer Cyclical
ARVINDFASN,Arvind Fashions Limited,Consumer Services,nse_official,Consumer Services
ASAL,Automotive Stampings and Assemblies Limited,Consumer Services,provider,Consumer Cyclical
ASIANHOTNR,Asian Hotels (North) Limited,Consumer Services,provider,Consumer Cyclical
ASTAR,Asian Star Company Limited,Consumer Services,manual,
ATLASCYCLE,Atlas Cycles (Haryana) Limited,Consumer Services,provider,Consumer Cyclical
ATULAUTO,Atul Auto Limited,Consumer Services,provider,Consumer Cyclical
AUTOAXLES,Automotive Axles Limited,Consumer Services,provider,Consumer Cyclical
AUTOIND,Autoline Industries Limited,Consumer Services,provider,Consumer Cyclical
AVL,Aditya Vision Limited,Consumer Services,nse_official,Consumer Services
AVROIND,AVRO INDIA LIMITED,Consumer Services,provider,Consumer Cyclical
AXITA,Axita Cotton Limited,Consumer Services,provider,Consumer Cyclical
AYMSYNTEX,AYM Syntex Limited,Consumer Services,provider,Consumer Cyclical
BALAJEE,Shree Tirupati Balajee Agro Trading Company Limited,Consumer Services,provider,Consumer Cyclical
BALKRISHNA,Balkrishna Paper Mills Limited,Consumer Services,provider,Consumer Cyclical
BANARBEADS,Banaras Beads Limited,Consumer Services,provider,Consumer Cyclical
BANG,Bang Overseas Limited,Consumer Services,provider,Consumer Cyclical
BANSWRAS,Banswara Syntex Limited,Consumer Services,provider,Consumer Cyclical
BBTCL,B&B Triplewall Containers Limited,Consumer Services,provider,Consumer Cyclical
BCONCEPTS,Brand Concepts Limited,Consumer Services,provider,Consumer Cyclical
BELLACASA,Bella Casa Fashion & Retail Limited,Consumer Services,provider,Consumer Cyclical
BENGALASM,Bengal & Assam Company Limited,Consumer Services,provider,Consumer Cyclical
BHANDARI,Bhandari Hosiery Exports Limited,Consumer Services,provider,Consumer Cyclical
BHARATSE,Bharat Seats Limited,Consumer Services,provider,Consumer Cyclical
BIL,Bhartiya International Limited,Consumer Services,provider,Consumer Cyclical
BIMETAL,Bimetal Bearings Limited,Consumer Services,provider,Consumer Cyclical
BLS,BLS International Services Limited,Consumer Services,nse_official,Consumer Services
BLUECOAST,Blue Coast Hotels Limited,Consumer Services,provider,Lodging
BOMDYEING,Bombay Dyeing & Mfg Company Limited,Consumer Services,provider,Consumer Cyclical
BORANA,Borana Weaves Limited,Consumer Services,provider,Consumer Cyclical
BOROLTD,Borosil Limited,Consumer Services,provider,Consumer Cyclical
BOROSCI,Borosil Scientific Limited,Consumer Services,provider,Consumer Cyclical
BOSCH-HCIL,BOSCH HOME COMFORT INDIA LIMITED,Consumer Services,provider,Consumer Cyclical
BRIGHOTEL,Brigade Hotel Ventures Limited,Consumer Services,provider,Consumer Cyclical
BSL,BSL Limited,Consumer Services,provider,Consumer Cyclical
BUILDPRO,Shankara Buildpro Limited,Consumer Services,provider,Consumer Cyclical
BUTTERFLY,Butterfly Gandhimathi Appliances Limited,Consumer Services,provider,Consumer Cyclical
BYKE,The Byke Hospitality Ltd,Consumer Services,provider,Lodging
CANTABIL,Cantabil Retail India Limited,Consumer Services,provider,Consumer Cyclical
CARRARO,Carraro India Limited,Consumer Services,provider,Consumer Cyclical
CARTRADE,Cartrade Tech Limited,Consumer Services,nse_official,Consumer Services
CARYSIL,CARYSIL LIMITED,Consumer Services,provider,Consumer Cyclical
CCHHL,Country Club Hospitality & Holidays Limited,Consumer Services,provider,Consumer Cyclical
CELEBRITY,Celebrity Fashions Limited,Consumer Services,provider,Consumer Cyclical
CENTENKA,Century Enka Limited,Consumer Services,provider,Consumer Cyclical
CHALET,Chalet Hotels Limited,Consumer Services,nse_official,Consumer Services
CHEVIOT,Cheviot Company Limited,Consumer Services,provider,Consumer Cyclical
CLEDUCATE,CL Educate Limited,Consumer Services,provider,Education & Training Services
COFFEEDAY,Coffee Day Enterprises Limited,Consumer Services,provider,Restaurants
COMSYN,Commercial Syn Bags Limited,Consumer Services,provider,Consumer Cyclical
COSMOFIRST,COSMO FIRST LIMITED,Consumer Services,provider,Consumer Cyclical
CRIZAC,Crizac Limited,Consumer Services,nse_official,Consumer Services
DANGEE,Dangee Dums Limited,Consumer Services,provider,Consumer Cyclical
DCMNVL,DCM Nouvelle Limited,Consumer Services,provider,Consumer Cyclical
DELTACORP,Delta Corp Limited,Consumer Services,provider,Consumer Cyclical
DELTAMAGNT,Delta Manufacturing Limited,Consumer Services,provider,Consumer Cyclical
DEVYANI,Devyani International Limited,Consumer Services,nse_official,Consumer Services
DIGIDRIVE,Digidrive Distributors Limited,Consumer Services,provider,Consumer Cyclical
DIGJAMLMTD,Digjam Limited,Consumer Services,provider,Consumer Cyclical
DIVGIITTS,Divgi Torqtransfer Systems Limited,Consumer Services,provider,Consumer Cyclical
DMART,Avenue Supermarts Limited,Consumer Services,nse_official,Consumer Services
DOLLAR,Dollar Industries Limited,Consumer Services,provider,Consumer Cyclical
DONEAR,Donear Industries Limited,Consumer Services,provider,Consumer Cyclical
DPABHUSHAN,D. P. Abhushan Limited,Consumer Services,provider,Consumer Cyclical
EASEMYTRIP,Easy Trip Planners Limited,Consumer Services,provider,Consumer Cyclical
EIHAHOTELS,EIH Associated Hotels Limited,Consumer Services,provider,Consumer Cyclical
EIHOTEL,EIH Limited,Consumer Services,nse_official,Consumer Services
ELGIRUBCO,Elgi Rubber Company Limited,Consumer Services,provider,Consumer Cyclical
EMIL,Electronics Mart India Limited,Consumer Services,nse_official,Consumer Services
ENTERO,Entero Healthcare Solutions Limited,Consumer Services,nse_official,Consumer Services
EPACK,EPACK Durable Limited,Consumer Services,provider,Consumer Cyclical
ETERNAL,ETERNAL LIMITED,Consumer Services,nse_official,Consumer Services
FAZE3Q,Faze Three Limited,Consumer Services,provider,Consumer Cyclical
FEL,Future Enterprises Limited,Consumer Services,provider,Department Stores
FELDVR,Future Enterprises Limited,Consumer Services,provider,Department Stores
FIBERWEB,Fiberweb (India) Limited,Consumer Services,provider,Consumer Cyclical
FILATEX,Filatex India Limited,Consumer Services,provider,Consumer Cyclical
FILATFASH,Filatex Fashions Limited,Consumer Services,manual,
FIRSTCRY,Brainbees Solutions Limited,Consumer Services,nse_official,Consumer Services
FMGOETZE,Federal-Mogul Goetze (India) Limited.,Consumer Services,provider,Consumer Cyclical
GANECOS,Ganesha Ecosphere Limited,Consumer Services,provider,Consumer Cyclical
GARFIBRES,Garware Technical Fibres Limited,Consumer Services,provider,Consumer Cyclical
GHCLTEXTIL,GHCL Textiles Limited,Consumer Services,provider,Consumer Cyclical
GLOBALE,Globale Tessile Limited,Consumer Services,provider,Consumer Cyclical
GLOBE,GLOBE ENTERPRISES (INDIA) LIMITED,Consumer Services,provider,Consumer Cyclical
GLOSTERLTD,Gloster Limited,Consumer Services,provider,Consumer Cyclical
GNA,GNA Axles Limited,Consumer Services,provider,Consumer Cyclical
GOCOLORS,Go Fashion (India) Limited,Consumer Services,provider,Consumer Cyclical
GOLDIAM,Goldiam International Limited,Consumer Services,provider,Consumer Cyclical
GOODYEAR,Goodyear India Limited,Consumer Services,provider,Consumer Cyclical
GRAVISSHO,Graviss Hospitality Limited,Consumer Services,manual,
GREENLAM,Greenlam Industries Limited,Consumer Services,provider,Consumer Cyclical
GRPLTD,GRP Limited,Consumer Services,provider,Consumer Cyclical
GTECJAINX,G-TEC JAINX EDUCATION LIMITED,Consumer Services,provider,Education & Training Services
HAVISHA,Sri Havisha Hospitality and Infrastructure Limited,Consumer Services,provider,Consumer Cyclical
HAWKINCOOK,Hawkins Cookers Limited,Consumer Services,provider,Consumer Cyclical
HIMATSEIDE,Himatsingka Seide Limited,Consumer Services,provider,Consumer Cyclical
HINDCOMPOS,Hindustan Composites Limited,Consumer Services,provider,Consumer Cyclical
HINDWAREAP,Hindware Home Innovation Limited,Consumer Services,provider,Consumer Cyclical
HLVLTD,HLV LIMITED,Consumer Services,provider,Consumer Cyclical
HUHTAMAKI,Huhtamaki India Limited,Consumer Services,provider,Consumer Cyclical
IGARASHI,Igarashi Motors India Limited,Consumer Services,provider,Consumer Cyclical
IMPAL,India Motor Parts and Accessories Limited,Consumer Services,provider,Consumer Cyclical
INDHOTEL,The Indian Hotels Company Limited,Consumer Services,nse_official,Consumer Services
INDIAMART,Indiamart Intermesh Limited,Consumer Services,nse_official,Consumer Services
INDIANCARD,Indian Card Clothing Company Limited,Consumer Services,provider,Consumer Cyclical
INDNIPPON,India Nippon Electricals Limited,Consumer Services,provider,Consumer Cyclical
INDORAMA,Indo Rama Synthetics (India) Limited,Consumer Services,provider,Consumer Cyclical
INDTERRAIN,Indian Terrain Fashions Limited,Consumer Services,provider,Consumer Cyclical
IRCTC,Indian Railway Catering And Tourism Corporation Limited,Consumer Services,nse_official,Consumer Services
IRISDOREME,Iris Clothings Limited,Consumer Services,provider,Consumer Cyclical
ISFT,Intrasoft Technologies Limited,Consumer Services,provider,Consumer Cyclical
ITCHOTELS,ITC Hotels Limited,Consumer Services,nse_official,Consumer Services
ITDC,India Tourism Development Corporation Limited,Consumer Services,provider,Consumer Cyclical
IXIGO,Le Travenues Technology Limited,Consumer Services,nse_official,Consumer Services
JAIPURKURT,Nandani Creation Limited,Consumer Services,provider,Consumer Cyclical
JAYBARMARU,Jay Bharat Maruti Limited,Consumer Services,provider,Consumer Cyclical
JINDALPOLY,Jindal Poly Films Limited,Consumer Services,provider,Consumer Cyclical
JINDWORLD,Jindal Worldwide Limited,Consumer Services,provider,Consumer Cyclical
JMA,Jullundur Motor Agency (Delhi) Limited,Consumer Services,provider,Consumer Cyclical
JSLL,Jeena Sikho Lifecare Limited,Consumer Services,nse_official,Consumer Services
JUBLFOOD,Jubilant Foodworks Limited,Consumer Services,nse_official,Consumer Services
JUNIPER,Juniper Hotels Limited,Consumer Services,manual,
JUSTDIAL,Just Dial Limited,Consumer Services,nse_official,Consumer Services
KALAMANDIR,Sai Silks (Kalamandir) Limited,Consumer Services,provider,Consumer Cyclical
KAMATHOTEL,Kamat Hotels (I) Limited,Consumer Services,provider,Consumer Cyclical
KEEPLEARN,DSJ Keep Learning Limited,Consumer Services,manual,
KHADIM,Khadim India Limited,Consumer Services,provider,Footwear & Accessories
KKCL,Kewal Kiran Clothing Limited,Consumer Services,manual,
KSR,KSR Footwear Limited,Consumer Services,manual,
LAGNAM,Lagnam Spintex Limited,Consumer Services,provider,Consumer Cyclical
LAL,Lorenzini Apparels Limited,Consumer Services,manual,
LAMBODHARA,Lambodhara Textiles Limited,Consumer Services,provider,Consumer Cyclical
LANDMARK,Landmark Cars Limited,Consumer Services,provider,Consumer Cyclical
LEMERITE,Le Merite Exports Limited,Consumer Services,provider,Consumer Cyclical
LEMONTREE,Lemon Tree Hotels Limited,Consumer Services,nse_official,Consumer Services
LENSKART,Lenskart Solutions Limited,Consumer Services,nse_official,Consumer Services
LGBBROSLTD,LG Balakrishnan & Bros Limited,Consumer Services,provider,Consumer Cyclical
LIBERTSHOE,Liberty Shoes Limited,Consumer Services,provider,Consumer Cyclical
LOVABLE,Lovable Lingerie Limited,Consumer Services,provider,Consumer Cyclical
LUXIND,Lux Industries Limited,Consumer Services,provider,Consumer Cyclical
MANYAVAR,Vedant Fashions Limited,Consumer Services,nse_official,Consumer Services
MCCHRLS-B,Mac Charles India Limited,Consumer Services,manual,
MEDPLUS,Medplus Health Services Limited,Consumer Services,nse_official,Consumer Services
MEESHO,Meesho Limited,Consumer Services,nse_official,Consumer Services
MENNPIS,Menon Pistons Limited,Consumer Services,provider,Consumer Cyclical
METROBRAND,Metro Brands Limited,Consumer Services,manual,
MHRIL,Mahindra Holidays & Resorts India Limited,Consumer Services,provider,Consumer Cyclical
MIRZAINT,Mirza International Limited,Consumer Services,manual,
MITTAL,Mittal Life Style Limited,Consumer Services,manual,
MOKSH,Moksh Ornaments Limited,Consumer Services,manual,
MOLDTKPAC,Mold-Tek Packaging Limited,Consumer Services,provider,Consumer Cyclical
MONTECARLO,Monte Carlo Fashions Limited,Consumer Services,provider,Consumer Cyclical
MOTISONS,Motisons Jewellers Limited,Consumer Services,manual,
MTEDUCARE,MT Educare Limited,Consumer Services,provider,Education & Training Services
MUFTI,Credo Brands Marketing Limited,Consumer Services,provider,Consumer Cyclical
MUNJALSHOW,Munjal Showa Limited,Consumer Services,provider,Consumer Cyclical
MVGJL,Manoj Vaibhav Gems N Jewellers Limited,Consumer Services,provider,Consumer Cyclical
NAHARINDUS,Nahar Industrial Enterprises Limited,Consumer Services,provider,Consumer Cyclical
NAHARPOLY,Nahar Poly Films Limited,Consumer Services,provider,Consumer Cyclical
NAUKRI,Info Edge (India) Limited,Consumer Services,nse_official,Consumer Services
NAVNETEDUL,Navneet Education Limited,Consumer Services,manual,
NDRAUTO,Ndr Auto Components Limited,Consumer Services,provider,Consumer Cyclical
NYKAA,FSN E-Commerce Ventures Limited,Consumer Services,nse_official,Consumer Services
ORIENTHOT,Oriental Hotels Limited,Consumer Services,manual,
OSIAHYPER,Osia Hyper Retail Limited,Consumer Services,provider,Department Stores
PARKHOTELS,Apeejay Surrendra Park Hotels Limited,Consumer Services,manual,
PATELRMART,Patel Retail Limited,Consumer Services,provider,Consumer Cyclical
PILITA,PIL ITALICA LIFESTYLE LIMITED,Consumer Services,manual,
PNGSREVA,PNGS Reva Diamond Jewellery Limited,Consumer Services,manual,
PRAVEG,Praveg Limited,Consumer Services,manual,
PRAXIS,Praxis Home Retail Limited,Consumer Services,manual,
PREMCO,Premco Global Limited,Consumer Services,provider,Consumer Cyclical
PWL,Physicswallah Limited,Consumer Services,nse_official,Consumer Services
RADHIKAJWE,Radhika Jeweltech Limited,Consumer Services,manual,
RAJESHEXPO,Rajesh Exports Limited,Consumer Services,provider,Luxury Goods
RBA,Restaurant Brands Asia Limited,Consumer Services,nse_official,Consumer Services
RBZJEWEL,RBZ Jewellers Limited,Consumer Services,manual,
RGL,Renaissance Global Limited,Consumer Services,provider,Consumer Cyclical
RHL,Robust Hotels Limited,Consumer Services,manual,
ROHLTD,Royal Orchid Hotels Limited,Consumer Services,manual,
RTNINDIA,RattanIndia Enterprises Limited,Consumer Services,nse_official,Consumer Services
RUPA,Rupa & Company Limited,Consumer Services,provider,Consumer Cyclical
SALONA,Salona Cotspin Limited,Consumer Services,provider,Consumer Cyclical
SAMHI,Samhi Hotels Limited,Consumer Services,nse_official,Consumer Services
SANDHAR,Sandhar Technologies Limited,Consumer Services,provider,Consumer Cyclical
SAPPHIRE,Sapphire Foods India Limited,Consumer Services,nse_official,Consumer Services
SAYAJIHOTL,Sayaji Hotels Limited,Consumer Services,manual,
SEIL,Shanti Educational Initiatives Limited,Consumer Services,manual,
SELMC,SEL Manufacturing Company Limited,Consumer Services,provider,Consumer Cyclical
SHANTIGOLD,Shanti Gold International Limited,Consumer Services,provider,Consumer Cyclical
SHARDAMOTR,Sharda Motor Industries Limited,Consumer Services,provider,Consumer Cyclical
SHOPERSTOP,Shoppers Stop Limited,Consumer Services,manual,
SHREERAMA,Shree Rama Multi-Tech Limited,Consumer Services,provider,Consumer Cyclical
SHRINGARMS,Shringar House of Mangalsutra Limited,Consumer Services,provider,Consumer Cyclical
SIL,Standard Industries Limited,Consumer Services,provider,Consumer Cyclical
SILGO,Silgo Retail Limited,Consumer Services,manual,
SINCLAIR,Sinclairs Hotels Limited,Consumer Services,manual,
SPAL,S. P. Apparels Limited,Consumer Services,manual,
SPECIALITY,Speciality Restaurants Limited,Consumer Services,provider,Restaurants
SPENCERS,Spencer's Retail Limited,Consumer Services,manual,
SREEL,Sreeleathers Limited,Consumer Services,manual,
SRTL,Shree Ram Twistex Limited,Consumer Services,provider,Consumer Cyclical
SSDL,Saraswati Saree Depot Limited,Consumer Services,manual,
STANLEY,Stanley Lifestyles Limited,Consumer Services,manual,
STYLEBAAZA,Baazar Style Retail Limited,Consumer Services,manual,
SUNDRMFAST,Sundram Fasteners Limited,Consumer Services,provider,Consumer Cyclical
SUNDROP,Sundrop Brands Limited,Consumer Services,manual,
SUPERHOUSE,Superhouse Limited,Consumer Services,manual,
SUPREME,Supreme Holdings & Hospitality (India) Limited,Consumer Services,manual,
SURYALAXMI,Suryalakshmi Cotton Mills Limited,Consumer Services,provider,Consumer Cyclical
SWIGGY,Swiggy Limited,Consumer Services,nse_official,Consumer Services
TAJGVK,Taj GVK Hotels & Resorts Limited,Consumer Services,manual,
TBOTEK,TBO Tek Limited,Consumer Services,nse_official,Consumer Services
TBZ,Tribhovandas Bhimji Zaveri Limited,Consumer Services,manual,
TGBHOTELS,TGB Banquets And Hotels Limited,Consumer Services,manual,
THELEELA,Leela Palaces Hotels & Resorts Limited,Consumer Services,nse_official,Consumer Services
THOMASCOOK,Thomas Cook  (India)  Limited,Consumer Services,nse_official,Consumer Services
THOMASCOTT,Thomas Scott (India) Limited,Consumer Services,manual,
TRAVELFOOD,Travel Food Services Limited,Consumer Services,nse_official,Consumer Services
TRENT,Trent Limited,Consumer Services,nse_official,Consumer Services
TTKPRESTIG,TTK Prestige Limited,Consumer Services,provider,Consumer Cyclical
UFBL,United Foodbrands Limited,Consumer Services,provider,Restaurants
AMIRCHAND,,Delisted / Renamed,non_equity,not on NSE list
ASHIKA,,Delisted / Renamed,non_equity,not on NSE list
AURIGROW,,Delisted / Renamed,non_equity,not on NSE list
AVAILFC,,Delisted / Renamed,non_equity,not on NSE list
CIGNITITEC,,Delisted / Renamed,non_equity,not on NSE list
GSPL,,Delisted / Renamed,non_equity,not on NSE list
GUJGASLTD,,Delisted / Renamed,non_equity,not on NSE list
JBCHEPHARM,,Delisted / Renamed,non_equity,not on NSE list
LYPSAGEMS,,Delisted / Renamed,non_equity,not on NSE list
MAHAPE-RE,,Delisted / Renamed,non_equity,not on NSE list
MIRCELECTR,,Delisted / Renamed,non_equity,not on NSE list
NAGAFERT,,Delisted / Renamed,non_equity,not on NSE list
OMKARCHEM,,Delisted / Renamed,non_equity,not on NSE list
ORTEL,,Delisted / Renamed,non_equity,not on NSE list
SANCO,,Delisted / Renamed,non_equity,not on NSE list
SASTASUNDR,,Delisted / Renamed,non_equity,not on NSE list
3MINDIA,3M India Limited,Diversified,nse_official,Diversified
DCMSHRIRAM,DCM Shriram Limited,Diversified,nse_official,Diversified
GODREJIND,Godrej Industries Limited,Diversified,nse_official,Diversified
LANDSMILL,Landsmill Green Limited,Diversified,provider,Conglomerates
METROGLOBL,Metroglobal Limited,Diversified,provider,Conglomerates
ROSSELLIND,Rossell India Limited,Diversified,provider,Conglomerates
RPSGVENT,RPSG VENTURES LIMITED,Diversified,manual,
AAKASH,Aakash Exploration Services Limited,Energy,provider,Energy
AEGISLOG,Aegis Logistics Limited,Energy,nse_official,Oil Gas & Consumable Fuels
AEGISVOPAK,Aegis Vopak Terminals Limited,Energy,nse_official,Oil Gas & Consumable Fuels
ALPHAGEO,Alphageo (India) Limited,Energy,provider,Oil & Gas Equipment & Services
ANMOL,Anmol India Limited,Energy,provider,Energy
ANTELOPUS,Antelopus Selan Energy Limited,Energy,provider,Energy
ASIANENE,Asian Energy Services Limited,Energy,provider,Energy
ATGL,Adani Total Gas Limited,Energy,nse_official,Oil Gas & Consumable Fuels
BPCL,Bharat Petroleum Corporation Limited,Energy,nse_official,Oil Gas & Consumable Fuels
CASTROLIND,Castrol India Limited,Energy,nse_official,Oil Gas & Consumable Fuels
CHENNPETRO,Chennai Petroleum Corporation Limited,Energy,nse_official,Oil Gas & Consumable Fuels
COALINDIA,Coal India Limited,Energy,nse_official,Oil Gas & Consumable Fuels
CONFIPET,Confidence Petroleum India Limited,Energy,provider,Energy
DEEPINDS,Deep Industries Limited,Energy,provider,Energy
DOLPHIN,Dolphin Offshore Enterprises (India) Limited,Energy,provider,Energy
GAIL,GAIL (India) Limited,Energy,nse_official,Oil Gas & Consumable Fuels
GANDHAR,Gandhar Oil Refinery (India) Limited,Energy,provider,Energy
GNRL,Gujarat Natural Resources Limited,Energy,provider,Energy
GULFPETRO,GP Petroleums Limited,Energy,provider,Oil & Gas Refining & Marketing
HINDOILEXP,Hindustan Oil Exploration Company Limited,Energy,provider,Energy
HINDPETRO,Hindustan Petroleum Corporation Limited,Energy,nse_official,Oil Gas & Consumable Fuels
IGL,Indraprastha Gas Limited,Energy,nse_official,Oil Gas & Consumable Fuels
IOC,Indian Oil Corporation Limited,Energy,nse_official,Oil Gas & Consumable Fuels
JINDRILL,Jindal Drilling And Industries Limited,Energy,provider,Energy
KARMAENG,Karma Energy Limited,Energy,manual,
KECL,Kirloskar Electric Company Limited,Energy,manual,
KOTHARIPET,Kothari Petrochemicals Limited,Energy,manual,
KPEL,K.P. Energy Limited,Energy,manual,
MACPOWER,Macpower CNC Machines Limited,Energy,manual,
MAGADSUGAR,Magadh Sugar & Energy Limited,Energy,manual,
MANALIPETC,Manali Petrochemicals Limited,Energy,manual,
MARINE,Marine Electricals (India) Limited,Energy,manual,
MEIL,Mangal Electrical Industries Limited,Energy,manual,
MGL,Mahanagar Gas Limited,Energy,nse_official,Oil Gas & Consumable Fuels
MRPL,Mangalore Refinery and Petrochemicals Limited,Energy,nse_official,Oil Gas & Consumable Fuels
MSPL,MSP Steel & Power Limited,Energy,manual,
OIL,Oil India Limited,Energy,nse_official,Oil Gas & Consumable Fuels
OILCOUNTUB,Oil Country Tubular Limited,Energy,provider,Oil & Gas Equipment & Services
ONGC,Oil & Natural Gas Corporation Limited,Energy,nse_official,Oil Gas & Consumable Fuels
ORIENTELEC,Orient Electric Limited,Energy,manual,
PANAMAPET,Panama Petrochem Limited,Energy,manual,
PARASPETRO,Paras Petrofils Limited,Energy,manual,
PETRONET,Petronet LNG Limited,Energy,nse_official,Oil Gas & Consumable Fuels
PIGL,Power & Instrumentation (Gujarat) Limited,Energy,manual,
PRABHA,Prabha Energy Limited,Energy,manual,
RELIANCE,Reliance Industries Limited,Energy,nse_official,Oil Gas & Consumable Fuels
RELTD,Ravindra Energy Limited,Energy,manual,
ROML,Raj Oil Mills Limited,Energy,manual,
SERVOTECH,Servotech Renewable Power System Limited,Energy,manual,
SOLEX,Solex Energy Limited,Energy,manual,
SOUTHWEST,South West Pinnacle Exploration Limited,Energy,provider,Energy
SPIC,Southern Petrochemicals Industries Corporation  Limited,Energy,manual,
SURANASOL,Surana Solar Limited,Energy,manual,
TARAPUR,Tarapur Transformers Limited,Energy,manual,
TECILCHEM,TECIL Chemicals and Hydro Power Limited,Energy,manual,
TRUALT,TruAlt Bioenergy Limited,Energy,manual,
UEL,Ujaas Energy Limited,Energy,manual,
ABDL,Allied Blenders and Distillers Limited,FMCG,nse_official,Fast Moving Consumer Goods
ADFFOODS,ADF Foods Limited,FMCG,provider,Consumer Defensive
AGRITECH,Agri-Tech (India) Limited,FMCG,manual,
AJOONI,Ajooni Biotech Limited,FMCG,provider,Consumer Defensive
ALLTIME,All Time Plastics Limited,FMCG,provider,Consumer Defensive
AMBICAAGAR,Ambica Agarbathies & Aroma industries Limited,FMCG,provider,Consumer Defensive
ANIKINDS,Anik Industries Limited,FMCG,provider,Consumer Defensive
APEX,Apex Frozen Foods Limited,FMCG,provider,Consumer Defensive
ASALCBR,Associated Alcohols & Breweries Ltd.,FMCG,provider,Consumer Defensive
ASPINWALL,Aspinwall and Company Limited,FMCG,provider,Consumer Defensive
AVADHSUGAR,Avadh Sugar & Energy Limited,FMCG,provider,Consumer Defensive
AVANTIFEED,Avanti Feeds Limited,FMCG,nse_official,Fast Moving Consumer Goods
AWL,AWL Agri Business Limited,FMCG,nse_official,Fast Moving Consumer Goods
BAJAJCON,Bajaj Consumer Care Limited,FMCG,provider,Consumer Defensive
BAJAJHIND,Bajaj Hindusthan Sugar Limited,FMCG,provider,Consumer Defensive
BALRAMCHIN,Balrampur Chini Mills Limited,FMCG,nse_official,Fast Moving Consumer Goods
BANARISUG,Bannari Amman Sugars Limited,FMCG,provider,Consumer Defensive
BBTC,The Bombay Burmah Trading Corporation Limited,FMCG,nse_official,Fast Moving Consumer Goods
BCLIND,Bcl Industries Limited,FMCG,provider,Consumer Defensive
BECTORFOOD,Mrs. Bectors Food Specialities Limited,FMCG,nse_official,Fast Moving Consumer Goods
BIKAJI,Bikaji Foods International Limited,FMCG,nse_official,Fast Moving Consumer Goods
BNAGROCHEM,BN Agrochem Limited,FMCG,provider,Consumer Defensive
BNALTD,B & A Limited,FMCG,provider,Packaged Foods
BRITANNIA,Britannia Industries Limited,FMCG,nse_official,Fast Moving Consumer Goods
CCL,CCL Products (India) Limited,FMCG,nse_official,Fast Moving Consumer Goods
CLSEL,Chaman Lal Setia Exports Limited,FMCG,provider,Consumer Defensive
COASTCORP,Coastal Corporation Limited,FMCG,provider,Consumer Defensive
COLPAL,Colgate Palmolive (India) Limited,FMCG,nse_official,Fast Moving Consumer Goods
COMPUSOFT,Compucom Software Limited,FMCG,provider,Consumer Defensive
CPEDU,Career Point Edutech Limited,FMCG,provider,Consumer Defensive
CUPID,Cupid Limited,FMCG,nse_official,Fast Moving Consumer Goods
DABUR,Dabur India Limited,FMCG,nse_official,Fast Moving Consumer Goods
DALMIASUG,Dalmia Bharat Sugar and Industries Limited,FMCG,provider,Consumer Defensive
DAVANGERE,Davangere Sugar Company Limited,FMCG,provider,Consumer Defensive
DBOL,Dhampur Bio Organics Limited,FMCG,provider,Consumer Defensive
DCMSRIND,DCM Shriram Industries Limited,FMCG,provider,Consumer Defensive
DHAMPURSUG,Dhampur Sugar Mills Limited,FMCG,provider,Consumer Defensive
DIAMONDYD,Prataap Snacks Limited,FMCG,provider,Consumer Defensive
DODLA,Dodla Dairy Limited,FMCG,provider,Consumer Defensive
DOMS,DOMS Industries Limited,FMCG,nse_official,Fast Moving Consumer Goods
DTIL,Dhunseri Tea & Industries Limited,FMCG,provider,Consumer Defensive
DWARKESH,Dwarikesh Sugar Industries Limited,FMCG,provider,Consumer Defensive
EIDPARRY,EID Parry India Limited,FMCG,nse_official,Fast Moving Consumer Goods
EIFFL,Euro India Fresh Foods Limited,FMCG,provider,Packaged Foods
ELITECON,Elitecon International Limited,FMCG,provider,Consumer Defensive
EMAMILTD,Emami Limited,FMCG,nse_official,Fast Moving Consumer Goods
FOODSIN,Foods & Inns Limited,FMCG,provider,Consumer Defensive
GAEL,Gujarat Ambuja Exports Limited,FMCG,nse_official,Fast Moving Consumer Goods
GANESHCP,Ganesh Consumer Products Limited,FMCG,provider,Consumer Defensive
GANGESSECU,Ganges Securities Limited,FMCG,provider,Consumer Defensive
GILLANDERS,Gillanders Arbuthnot & Company Limited,FMCG,provider,Consumer Defensive
GILLETTE,Gillette India Limited,FMCG,nse_official,Fast Moving Consumer Goods
GLOBAL,Global Education Limited,FMCG,provider,Consumer Defensive
GLOBUSSPR,Globus Spirits Limited,FMCG,provider,Consumer Defensive
GMBREW,GM Breweries Limited,FMCG,provider,Consumer Defensive
GODFRYPHLP,Godfrey Phillips India Limited,FMCG,nse_official,Fast Moving Consumer Goods
GODREJAGRO,Godrej Agrovet Limited,FMCG,nse_official,Fast Moving Consumer Goods
GODREJCP,Godrej Consumer Products Limited,FMCG,nse_official,Fast Moving Consumer Goods
GOKUL,Gokul Refoils and Solvent Limited,FMCG,provider,Consumer Defensive
GOKULAGRO,Gokul Agro Resources Limited,FMCG,nse_official,Fast Moving Consumer Goods
GOLDENTOBC,Golden Tobacco Limited,FMCG,provider,Tobacco
GOPAL,Gopal Snacks Limited,FMCG,provider,Consumer Defensive
GRMOVER,GRM Overseas Limited,FMCG,provider,Consumer Defensive
GROBTEA,The Grob Tea Company Limited,FMCG,provider,Consumer Defensive
HALDER,Halder Venture Limited,FMCG,provider,Consumer Defensive
HARRMALAYA,Harrisons  Malayalam Limited,FMCG,provider,Consumer Defensive
HATSUN,Hatsun Agro Product Limited,FMCG,provider,Consumer Defensive
HERITGFOOD,Heritage Foods Limited,FMCG,nse_official,Fast Moving Consumer Goods
HINDUNILVR,Hindustan Unilever Limited,FMCG,nse_official,Fast Moving Consumer Goods
HMAAGRO,HMA Agro Industries Limited,FMCG,provider,Consumer Defensive
HONASA,Honasa Consumer Limited,FMCG,nse_official,Fast Moving Consumer Goods
IFBAGRO,IFB Agro Industries Limited,FMCG,provider,Consumer Defensive
INDIAGLYCO,India Glycols Limited,FMCG,nse_official,Fast Moving Consumer Goods
ITC,ITC Limited,FMCG,nse_official,Fast Moving Consumer Goods
JARO,Jaro Institute of Technology Management and Research Limited,FMCG,provider,Consumer Defensive
JAYSREETEA,Jayshree Tea & Industries Limited,FMCG,provider,Consumer Defensive
JHS,JHS Svendgaard Laboratories Limited,FMCG,provider,Consumer Defensive
JUBLCPL,Jubilant Agri and Consumer Products Limited,FMCG,manual,
JYOTHYLAB,Jyothy Labs Limited,FMCG,nse_official,Fast Moving Consumer Goods
KCPSUGIND,KCP Sugar and Industries Corporation Limited,FMCG,provider,Confectioners
KMSUGAR,K.M.Sugar Mills Limited,FMCG,manual,
KNAGRI,KN Agri Resources Limited,FMCG,manual,
KOHINOOR,Kohinoor Foods Limited,FMCG,manual,
KRBL,KRBL Limited,FMCG,nse_official,Fast Moving Consumer Goods
KRISHIVAL,Krishival Foods Limited,FMCG,manual,
KRITINUT,Kriti Nutrients Limited,FMCG,manual,
KSCL,Kaveri Seed Company Limited,FMCG,nse_official,Fast Moving Consumer Goods
KWIL,Kwality Wall's (India) Limited,FMCG,manual,
LIBAS,Libas Consumer Products Limited,FMCG,manual,
LTFOODS,LT Foods Limited,FMCG,nse_official,Fast Moving Consumer Goods
MANORAMA,Manorama Industries Limited,FMCG,nse_official,Fast Moving Consumer Goods
MARICO,Marico Limited,FMCG,nse_official,Fast Moving Consumer Goods
MAWANASUG,Mawana Sugars Limited,FMCG,provider,Consumer Defensive
MBAPL,Madhya Bharat Agro Products Limited,FMCG,manual,
MCLEODRUSS,Mcleod Russel India Limited,FMCG,manual,
MEGASTAR,Megastar Foods Limited,FMCG,manual,
MGEL,Mangalam Global Enterprise Limited,FMCG,provider,Farm Products
MKPL,M K Proteins Limited,FMCG,manual,
MODINATUR,Modi Naturals Limited,FMCG,provider,Packaged Foods
MUKKA,Mukka Proteins Limited,FMCG,manual,
NATHBIOGEN,Nath Bio-Genes (India) Limited,FMCG,manual,
NDGL,Naga Dhunseri Group Limited,FMCG,manual,
NESTLEIND,Nestle India Limited,FMCG,nse_official,Fast Moving Consumer Goods
NGIL,Nakoda Group of Industries Limited,FMCG,provider,Consumer Defensive
NKIND,NK Industries Limited,FMCG,provider,Consumer Defensive
ORKLAINDIA,Orkla India Limited,FMCG,nse_official,Fast Moving Consumer Goods
OSWALAGRO,Oswal Agro Mills Limited,FMCG,manual,
PARAGMILK,Parag Milk Foods Limited,FMCG,provider,Consumer Defensive
PATANJALI,Patanjali Foods Limited,FMCG,nse_official,Fast Moving Consumer Goods
PGHH,Procter & Gamble Hygiene and Health Care Limited,FMCG,provider,Consumer Defensive
PICCADIL,Piccadily Agro Industries Limited,FMCG,nse_official,Fast Moving Consumer Goods
PKTEA,The Peria Karamalai Tea & Produce Company Limited,FMCG,manual,
PONNIERODE,Ponni Sugars (Erode) Limited,FMCG,manual,
PRUDMOULI,Prudential Sugar Corporation Limited,FMCG,provider,Confectioners
RADICO,Radico Khaitan Limited,FMCG,nse_official,Fast Moving Consumer Goods
RAMANEWS,Shree Rama Newsprint Limited,FMCG,provider,Consumer Defensive
RANASUG,Rana Sugars Limited,FMCG,manual,
REGAAL,Regaal Resources Limited,FMCG,manual,
RENUKA,Shree Renuka Sugars Limited,FMCG,nse_official,Fast Moving Consumer Goods
RETAIL,JHS Svendgaard Retail Ventures Limited,FMCG,provider,Consumer Defensive
SAKHTISUG,Sakthi Sugars Limited,FMCG,provider,Consumer Defensive
SAKUMA,Sakuma Exports Limited,FMCG,provider,Consumer Defensive
SAMPANN,Sampann Utpadan India Limited,FMCG,manual,
SARVESHWAR,Sarveshwar Foods Limited,FMCG,manual,
SCPL,Sheetal Cool Products Limited,FMCG,provider,Packaged Foods
SHANTI,Shanti Overseas (India) Limited,FMCG,manual,
SIMBHALS,Simbhaoli Sugars Limited,FMCG,provider,Confectioners
SKMEGGPROD,SKM Egg Products Export (India) Limited,FMCG,manual,
SULA,Sula Vineyards Limited,FMCG,manual,
TASTYBITE,Tasty Bite Eatables Limited,FMCG,manual,
TATACONSUM,TATA CONSUMER PRODUCTS LIMITED,FMCG,nse_official,Fast Moving Consumer Goods
TEAMGTY,Team India Guaranty Limited,FMCG,manual,
TEAMLEASE,Teamlease Services Limited,FMCG,manual,
TI,Tilaknagar Industries Limited,FMCG,nse_official,Fast Moving Consumer Goods
TREEHOUSE,Tree House Education & Accessories Limited,FMCG,provider,Consumer Defensive
TRIVENI,Triveni Engineering & Industries Limited,FMCG,nse_official,Fast Moving Consumer Goods
UBL,United Breweries Limited,FMCG,nse_official,Fast Moving Consumer Goods
UGARSUGAR,The Ugar Sugar Works Limited,FMCG,manual,
UMAEXPORTS,Uma Exports Limited,FMCG,provider,Farm Products
21STCENMGM,21st Century Management Services Limited,Finance,provider,Financial Services
360ONE,360 ONE WAM LIMITED,Finance,nse_official,Financial Services
5PAISA,5Paisa Capital Limited,Finance,provider,Financial Services
AADHARHFC,Aadhar Housing Finance Limited,Finance,nse_official,Financial Services
AAVAS,Aavas Financiers Limited,Finance,nse_official,Financial Services
ABANSENT,Abans Enterprises Limited,Finance,provider,Financial Services
ABCAPITAL,Aditya Birla Capital Limited,Finance,nse_official,Financial Services
ABSLAMC,Aditya Birla Sun Life AMC Limited,Finance,nse_official,Financial Services
AFIL,Akme Fintrade (India) Limited,Finance,provider,Financial Services
AFSL,Abans Financial Services Limited,Finance,provider,Financial Services
AIIL,Authum Investment & Infrastructure Limited,Finance,nse_official,Financial Services
AKCAPIT,AK Capital Services Limited,Finance,provider,Financial Services
ALGOQUANT,Algoquant Fintech Limited,Finance,provider,Financial Services
ALMONDZ,Almondz Global Securities Limited,Finance,provider,Financial Services
ANANDRATHI,Anand Rathi Wealth Limited,Finance,nse_official,Financial Services
ANGELONE,Angel One Limited,Finance,nse_official,Financial Services
APTUS,Aptus Value Housing Finance India Limited,Finance,nse_official,Financial Services
ARIHANTCAP,Arihant Capital Markets Limited,Finance,provider,Financial Services
ARMANFIN,Arman Financial Services Limited,Finance,provider,Financial Services
ARSSBL,Anand Rathi Share and Stock Brokers Limited,Finance,provider,Financial Services
AUBANK,AU Small Finance Bank Limited,Finance,nse_official,Financial Services
AUSOMENT,Ausom Enterprise Limited,Finance,provider,Financial Services
AVONMORE,Avonmore Capital & Management Services Limited,Finance,provider,Financial Services
AXISBANK,Axis Bank Limited,Finance,nse_official,Financial Services
AYE,Aye Finance Limited,Finance,provider,Financial Services
BAIDFIN,Baid Finserv Limited,Finance,provider,Financial Services
BAJAJFINSV,Bajaj Finserv Limited,Finance,nse_official,Financial Services
BAJAJHFL,Bajaj Housing Finance Limited,Finance,nse_official,Financial Services
BAJAJHLDNG,Bajaj Holdings & Investment Limited,Finance,nse_official,Financial Services
BAJFINANCE,Bajaj Finance Limited,Finance,nse_official,Financial Services
BANDHANBNK,Bandhan Bank Limited,Finance,nse_official,Financial Services
BANKBARODA,Bank of Baroda,Finance,nse_official,Financial Services
BANKINDIA,Bank of India,Finance,nse_official,Financial Services
BFINVEST,BF Investment Limited,Finance,provider,Financial Services
BIRLAMONEY,Aditya Birla Money Limited,Finance,provider,Financial Services
BLAL,BEML Land Assets Limited,Finance,provider,Financial Services
BLBLIMITED,BLB Limited,Finance,provider,Financial Services
BLUECHIP,Blue Chip India Limited,Finance,manual,
BSE,BSE Limited,Finance,nse_official,Financial Services
CAMS,Computer Age Management Services Limited,Finance,nse_official,Financial Services
CANBK,Canara Bank,Finance,nse_official,Financial Services
CANFINHOME,Can Fin Homes Limited,Finance,nse_official,Financial Services
CANHLIFE,Canara HSBC Life Insurance Company Limited,Finance,nse_official,Financial Services
CAPITALSFB,Capital Small Finance Bank Limited,Finance,provider,Financial Services
CAPTRUST,Capital Trust Limited,Finance,provider,Credit Services
CARERATING,CARE Ratings Limited,Finance,provider,Financial Services
CCAVENUE,AvenuesAI Limited,Finance,nse_official,Financial Services
CDSL,Central Depository Services (India) Limited,Finance,nse_official,Financial Services
CENTRALBK,Central Bank of India,Finance,nse_official,Financial Services
CENTRUM,Centrum Capital Limited,Finance,provider,Financial Services
CGCL,Capri Global Capital Limited,Finance,nse_official,Financial Services
CHOICEIN,Choice International Limited,Finance,nse_official,Financial Services
CHOLAFIN,Cholamandalam Investment and Finance Company Limited,Finance,nse_official,Financial Services
CHOLAHLDNG,Cholamandalam Financial Holdings Limited,Finance,nse_official,Financial Services
CIFL,Capital India Finance Limited,Finance,provider,Financial Services
CONSOFINVT,Consolidated Finvest & Holdings Limited,Finance,provider,Capital Markets
CPCAP,CP Capital Limited,Finance,provider,Financial Services
CRAMC,Canara Robeco Asset Management Company Limited,Finance,nse_official,Financial Services
CREDITACC,CREDITACCESS GRAMEEN LIMITED,Finance,nse_official,Financial Services
CREST,Crest Ventures Limited,Finance,provider,Financial Services
CRISIL,Crisil Limited,Finance,nse_official,Financial Services
CSBBANK,CSB Bank Limited,Finance,nse_official,Financial Services
CSLFINANCE,CSL Finance Limited,Finance,provider,Financial Services
CUB,City Union Bank Limited,Finance,nse_official,Financial Services
DAMCAPITAL,Dam Capital Advisors Limited,Finance,provider,Financial Services
DBSTOCKBRO,DB (International) Stock Brokers Limited,Finance,provider,Capital Markets
DCBBANK,DCB Bank Limited,Finance,nse_official,Financial Services
DCMFINSERV,DCM Financial Services Limited,Finance,manual,
DELPHIFX,DELPHI WORLD MONEY LIMITED,Finance,provider,Capital Markets
DHANBANK,Dhanlaxmi Bank Limited,Finance,provider,Financial Services
DHUNINV,Dhunseri Investments Limited,Finance,provider,Financial Services
DIGISPICE,DiGiSPICE Technologies Limited,Finance,provider,Financial Services
DOLATALGO,Dolat Algotech Limited,Finance,provider,Financial Services
DVL,Dhunseri Ventures Limited,Finance,provider,Financial Services
EDELWEISS,Edelweiss Financial Services Limited,Finance,nse_official,Financial Services
ELCIDIN,EL CID Investments Limited,Finance,manual,
EMKAY,Emkay Global Financial Services Limited,Finance,provider,Financial Services
EQUITASBNK,Equitas Small Finance Bank Limited,Finance,nse_official,Financial Services
ESAFSFB,ESAF Small Finance Bank Limited,Finance,provider,Banks - Regional
FEDDERSHOL,Fedders Holding Limited,Finance,provider,Financial Services
FEDERALBNK,The Federal Bank  Limited,Finance,nse_official,Financial Services
FEDFINA,Fedbank Financial Services Limited,Finance,nse_official,Financial Services
FINKURVE,Finkurve Financial Services Limited,Finance,provider,Financial Services
FINOPB,Fino Payments Bank Limited,Finance,provider,Financial Services
FIVESTAR,Five-Star Business Finance Limited,Finance,nse_official,Financial Services
FUSION,Fusion Finance Limited,Finance,provider,Financial Services
GATECH,GACM Technologies Limited,Finance,provider,Asset Management
GATECHDVR,GACM Technologies Limited,Finance,provider,Asset Management
GCSL,Gretex Corporate Services Limited,Finance,provider,Financial Services
GEOJITFSL,Geojit Financial Services Limited,Finance,provider,Financial Services
GFLLIMITED,GFL Limited,Finance,provider,Financial Services
GICHSGFIN,GIC Housing Finance Limited,Finance,provider,Financial Services
GICRE,General Insurance Corporation of India,Finance,nse_official,Financial Services
GLFL,Gujarat Lease Financing Limited,Finance,provider,Financial Services
GODIGIT,Go Digit General Insurance Limited,Finance,nse_official,Financial Services
GROWW,Billionbrains Garage Ventures Limited,Finance,nse_official,Financial Services
HBSL,HB Stockholdings Limited,Finance,provider,Financial Services
HDBFS,HDB Financial Services Limited,Finance,nse_official,Financial Services
HDFCAMC,HDFC Asset Management Company Limited,Finance,nse_official,Financial Services
HDFCBANK,HDFC Bank Limited,Finance,nse_official,Financial Services
HDFCLIFE,HDFC Life Insurance Company Limited,Finance,nse_official,Financial Services
HEXATRADEX,Hexa Tradex Limited,Finance,provider,Credit Services
HOMEFIRST,Home First Finance Company India Limited,Finance,nse_official,Financial Services
HUDCO,Housing & Urban Development Corporation Limited,Finance,nse_official,Financial Services
HYBRIDFIN,Hybrid Financial Services Limited,Finance,provider,Capital Markets
ICICIAMC,ICICI Prudential Asset Management Company Limited,Finance,nse_official,Financial Services
ICICIBANK,ICICI Bank Limited,Finance,nse_official,Financial Services
ICICIGI,ICICI Lombard General Insurance Company Limited,Finance,nse_official,Financial Services
ICICIPRULI,ICICI Prudential Life Insurance Company Limited,Finance,nse_official,Financial Services
ICRA,ICRA Limited,Finance,provider,Financial Services
IDBI,IDBI Bank Limited,Finance,nse_official,Financial Services
IDFCFIRSTB,IDFC First Bank Limited,Finance,nse_official,Financial Services
IEX,Indian Energy Exchange Limited,Finance,nse_official,Financial Services
IFCI,IFCI Limited,Finance,nse_official,Financial Services
IIFL,IIFL Finance Limited,Finance,nse_official,Financial Services
IIFLCAPS,IIFL Capital Services Limited,Finance,nse_official,Financial Services
IITL,Industrial Investment Trust Limited,Finance,provider,Financial Services
INDBANK,Indbank Merchant Banking Services Limited,Finance,provider,Financial Services
INDIANB,Indian Bank,Finance,nse_official,Financial Services
INDIASHLTR,India Shelter Finance Corporation Limited,Finance,nse_official,Financial Services
INDOSTAR,IndoStar Capital Finance Limited,Finance,manual,
INDOTHAI,Indo Thai Securities Limited,Finance,provider,Financial Services
INDPRUD,Industrial & Prudential Investment Company Limited,Finance,provider,Financial Services
INDUSINDBK,IndusInd Bank Limited,Finance,nse_official,Financial Services
INVENTURE,Inventure Growth & Securities Limited,Finance,provider,Financial Services
IOB,Indian Overseas Bank,Finance,nse_official,Financial Services
IREDA,Indian Renewable Energy Development Agency Limited,Finance,nse_official,Financial Services
IRFC,Indian Railway Finance Corporation Limited,Finance,nse_official,Financial Services
IVC,IL&FS Investment Managers Limited,Finance,provider,Financial Services
J&KBANK,The Jammu & Kashmir Bank Limited,Finance,nse_official,Financial Services
JINDALPHOT,Jindal Photo Limited,Finance,provider,Financial Services
JIOFIN,Jio Financial Services Limited,Finance,nse_official,Financial Services
JMFINANCIL,JM Financial Limited,Finance,nse_official,Financial Services
JPOLYINVST,Jindal Poly Investment and Finance Company Limited,Finance,provider,Financial Services
JSFB,Jana Small Finance Bank Limited,Finance,nse_official,Financial Services
JSWHL,JSW Holdings Limited,Finance,provider,Financial Services
KARURVYSYA,Karur Vysya Bank Limited,Finance,nse_official,Financial Services
KEYFINSERV,Keynote Financial Services Limited,Finance,manual,
KFINTECH,Kfin Technologies Limited,Finance,nse_official,Financial Services
KHANDSE,Khandwala Securities Limited,Finance,manual,
KICL,Kalyani Investment Company Limited,Finance,manual,
KIRANVYPAR,Kiran Vyapar Limited,Finance,manual,
KOTAKBANK,Kotak Mahindra Bank Limited,Finance,nse_official,Financial Services
KTKBANK,The Karnataka Bank Limited,Finance,nse_official,Financial Services
LAXMIINDIA,Laxmi India Finance Limited,Finance,manual,
LFIC,Lakshmi Finance & Industrial Corporation Limited,Finance,manual,
LICHSGFIN,LIC Housing Finance Limited,Finance,nse_official,Financial Services
LICI,Life Insurance Corporation Of India,Finance,nse_official,Financial Services
LTF,L&T Finance Limited,Finance,nse_official,Financial Services
M&MFIN,Mahindra & Mahindra Financial Services Limited,Finance,nse_official,Financial Services
MAHABANK,Bank of Maharashtra,Finance,nse_official,Financial Services
MAHAPEXLTD,Maha Rashtra Apex Corporation Limited,Finance,provider,Financial Services
MAHSCOOTER,Maharashtra Scooters Limited,Finance,nse_official,Financial Services
MANAPPURAM,Manappuram Finance Limited,Finance,nse_official,Financial Services
MANBA,Manba Finance Limited,Finance,manual,
MANCREDIT,Mangal Credit and Fincorp Limited,Finance,manual,
MASFIN,MAS Financial Services Limited,Finance,manual,
MASKINVEST,Mask Investments Limited,Finance,manual,
MASTERTR,Master Trust Limited,Finance,provider,Financial Services
MAXIND,Max India Limited,Finance,manual,
MCX,Multi Commodity Exchange of India Limited,Finance,nse_official,Financial Services
MFSL,Max Financial Services Limited,Finance,nse_official,Financial Services
MONARCH,Monarch Networth Capital Limited,Finance,manual,
MONEYBOXX,Moneyboxx Finance Limited,Finance,manual,
MOTILALOFS,Motilal Oswal Financial Services Limited,Finance,nse_official,Financial Services
MUFIN,Mufin Green Finance Limited,Finance,manual,
MUTHOOTCAP,Muthoot Capital Services Limited,Finance,manual,
MUTHOOTFIN,Muthoot Finance Limited,Finance,nse_official,Financial Services
MUTHOOTMF,Muthoot Microfin Limited,Finance,provider,Financial Services
NAGREEKCAP,Nagreeka Capital & Infrastructure Limited,Finance,manual,
NAHARCAP,Nahar Capital and Financial Services Limited,Finance,manual,
NAM-INDIA,Nippon Life India Asset Management Limited,Finance,nse_official,Financial Services
NBIFIN,N. B. I. Industrial Finance Company Limited,Finance,manual,
NIACL,The New India Assurance Company Limited,Finance,nse_official,Financial Services
NIVABUPA,Niva Bupa Health Insurance Company Limited,Finance,nse_official,Financial Services
NORTHARC,Northern Arc Capital Limited,Finance,manual,
NSIL,Nalwa Sons Investments Limited,Finance,provider,Financial Services
NUVAMA,Nuvama Wealth Management Limited,Finance,nse_official,Financial Services
ONELIFECAP,Onelife Capital Advisors Limited,Finance,provider,Capital Markets
PAISALO,Paisalo Digital Limited,Finance,provider,Financial Services
PALASHSECU,Palash Securities Limited,Finance,manual,
PAYTM,One 97 Communications Limited,Finance,nse_official,Financial Services
PFC,Power Finance Corporation Limited,Finance,nse_official,Financial Services
PFS,PTC India Financial Services Limited,Finance,manual,
PILANIINVS,Pilani Investment and Industries Corporation Limited,Finance,manual,
PINELABS,Pine Labs Limited,Finance,nse_official,Financial Services
PIONRINV,Pioneer Investcorp Limited,Finance,provider,Capital Markets
PIRAMALFIN,Piramal Finance Limited,Finance,nse_official,Financial Services
PNB,Punjab National Bank,Finance,nse_official,Financial Services
PNBGILTS,PNB Gilts Limited,Finance,manual,
PNBHOUSING,PNB Housing Finance Limited,Finance,nse_official,Financial Services
POLICYBZR,PB Fintech Limited,Finance,nse_official,Financial Services
POONAWALLA,Poonawalla Fincorp Limited,Finance,nse_official,Financial Services
PRIMESECU,Prime Securities Limited,Finance,manual,
PRUDENT,Prudent Corporate Advisory Services Limited,Finance,nse_official,Financial Services
PSB,Punjab & Sind Bank,Finance,provider,Financial Services
PVP,PVP Ventures Limited,Finance,manual,
RBLBANK,RBL Bank Limited,Finance,nse_official,Financial Services
RECLTD,REC Limited,Finance,nse_official,Financial Services
RELIGARE,Religare Enterprises Limited,Finance,nse_official,Financial Services
REPCOHOME,Repco Home Finance Limited,Finance,manual,
RSDFIN,RSD Finance Limited,Finance,provider,Asset Management
SAHLIBHFI,Shalibhadra Finance Limited,Finance,manual,
SAMMAANCAP,Sammaan Capital Limited,Finance,nse_official,Financial Services
SATIN,Satin Creditcare Network Limited,Finance,manual,
SBFC,SBFC Finance Limited,Finance,nse_official,Financial Services
SBICARD,SBI Cards and Payment Services Limited,Finance,nse_official,Financial Services
SBILIFE,SBI Life Insurance Company Limited,Finance,nse_official,Financial Services
SBIN,State Bank of India,Finance,nse_official,Financial Services
SGFIN,SG Finserve Limited,Finance,manual,
SHARDUL,Shardul Securities Limited,Finance,provider,Capital Markets
SHAREINDIA,Share India Securities Limited,Finance,nse_official,Financial Services
SHRIRAMFIN,Shriram Finance Limited,Finance,nse_official,Financial Services
SILINV,SIL Investments Limited,Finance,manual,
SMCGLOBAL,SMC Global Securities Limited,Finance,manual,
SONAL,Sonal Mercantile Limited,Finance,provider,Financial Services
SOUTHBANK,The South Indian Bank Limited,Finance,nse_official,Financial Services
SPANDANA,Spandana Sphoorty Financial Limited,Finance,manual,
SRGHFL,SRG Housing Finance Limited,Finance,manual,
STARHEALTH,Star Health and Allied Insurance Company Limited,Finance,nse_official,Financial Services
STARTECK,Starteck Finance Limited,Finance,manual,
STEELCITY,Steel City Securities Limited,Finance,manual,
STEL,Stel Holdings Limited,Finance,manual,
STYL,Seshaasai Technologies Limited,Finance,nse_official,Financial Services
SUMMITSEC,Summit Securities Limited,Finance,manual,
SUNDARMFIN,Sundaram Finance Limited,Finance,nse_official,Financial Services
SURYODAY,Suryoday Small Finance Bank Limited,Finance,manual,
SYSTMTXC,Systematix Corporate Services Limited,Finance,provider,Capital Markets
TATACAP,Tata Capital Limited,Finance,nse_official,Financial Services
TATAINVEST,Tata Investment Corporation Limited,Finance,nse_official,Financial Services
TCIFINANCE,TCI Finance Limited,Finance,provider,Credit Services
TFCILTD,Tourism Finance Corporation of India Limited,Finance,manual,
TFL,Transwarranty Finance Limited,Finance,manual,
THACKER,Thacker & Company Limited,Finance,provider,Asset Management
THEINVEST,The Investment Trust Of India Limited,Finance,manual,
TMB,Tamilnad Mercantile Bank Limited,Finance,nse_official,Financial Services
TRU,TruCap Finance Limited,Finance,provider,Financial Services
TSFINV,TSF INVESTMENTS LIMITED,Finance,nse_official,Financial Services
UCOBANK,UCO Bank,Finance,nse_official,Financial Services
UGROCAP,Ugro Capital Limited,Finance,manual,
UJJIVANSFB,Ujjivan Small Finance Bank Limited,Finance,nse_official,Financial Services
ARROWGREEN,Arrow Greentech Limited,Forest Materials,provider,Packaging & Containers
ASTRON,Astron Paper & Board Mill Limited,Forest Materials,provider,Paper & Paper Products
BI,Bilcare Limited,Forest Materials,provider,Packaging & Containers
EMAMIPAP,Emami Paper Mills Limited,Forest Materials,provider,Paper & Paper Products
EMMBI,Emmbi Industries Limited,Forest Materials,provider,Packaging & Containers
HALDYNGL,Haldyn Glass Limited,Forest Materials,provider,Packaging & Containers
HITECHCORP,Hitech Corporation Limited,Forest Materials,provider,Packaging & Containers
JKPAPER,JK Paper Limited,Forest Materials,nse_official,Forest Materials
KANPRPLA,Kanpur Plastipack Limited,Forest Materials,manual,
KSHITIJPOL,Kshitij Polyline Limited,Forest Materials,manual,
KUANTUM,Kuantum Papers Limited,Forest Materials,manual,
MAGNUM,Magnum Ventures Limited,Forest Materials,manual,
ORICONENT,Oricon Enterprises Limited,Forest Materials,manual,
ORIENTLTD,Orient Press Limited,Forest Materials,provider,Packaging & Containers
PAKKA,PAKKA LIMITED,Forest Materials,manual,
PDMJEPAPER,Pudumjee Paper Products Limited,Forest Materials,manual,
POLYPLEX,Polyplex Corporation Limited,Forest Materials,manual,
PREMIERPOL,Premier Polyfilm Limited,Forest Materials,manual,
PYRAMID,Pyramid Technoplast Limited,Forest Materials,manual,
RPPL,Rajshree Polypack Limited,Forest Materials,provider,Packaging & Containers
RUCHIRA,Ruchira Papers Limited,Forest Materials,manual,
RUSHIL,Rushil Decor Limited,Forest Materials,manual,
SAPPL,Shree Ajit Pulp & Paper Limited,Forest Materials,manual,
SHRENIK,Shrenik Limited,Forest Materials,provider,Paper & Paper Products
SUNDARAM,Sundaram Multi Pap Limited,Forest Materials,provider,Paper & Paper Products
TCPLPACK,TCPL Packaging Limited,Forest Materials,manual,
TNPL,Tamil Nadu Newsprint & Papers Limited,Forest Materials,manual,
TOKYOPLAST,Tokyo Plast International Limited,Forest Materials,manual,
TPLPLASTEH,TPL Plastech Limited,Forest Materials,manual,
UFLEX,UFLEX Limited,Forest Materials,manual,
3IINFOLTD,3i Infotech Limited,IT,provider,Information Technology Services
63MOONS,63 moons technologies limited,IT,provider,Technology
AAATECH,AAA Technologies Limited,IT,provider,Technology
ABMKNO,ABM Knowledgeware Limited,IT,provider,Technology
ACCELYA,Accelya Solutions India Limited,IT,provider,Technology
ACSTECH,ACS Technologies Limited,IT,provider,Technology
ADROITINFO,Adroit Infotech Limited,IT,provider,Technology
ADSL,Allied Digital Services Limited,IT,provider,Technology
AFFLE,Affle 3i Limited,IT,nse_official,Information Technology
AIRAN,Airan Limited,IT,provider,Technology
ALANKIT,Alankit Limited,IT,provider,Technology
AMAGI,Amagi Media Labs Limited,IT,provider,Technology
ASMS,Avio Smart Market Stack Limited,IT,provider,Information Technology Services
AURIONPRO,Aurionpro Solutions Limited,IT,nse_official,Information Technology
AVANTEL,Avantel Limited,IT,provider,Technology
BBOX,Black Box Limited,IT,nse_official,Information Technology
BPL,BPL Limited,IT,provider,Technology
BSOFT,BIRLASOFT LIMITED,IT,nse_official,Information Technology
CALSOFT,California Software Company Limited,IT,provider,Technology
CAPILLARY,Capillary Technologies India Limited,IT,nse_official,Information Technology
CENTUM,Centum Electronics Limited,IT,provider,Technology
CNL,Creative Newtech Limited,IT,provider,Technology
COFORGE,Coforge Limited,IT,nse_official,Information Technology
COMPINFO,Compuage Infocom Limited,IT,provider,Electronics & Computer Distribution
CTE,Cambridge Technology Enterprises Limited,IT,provider,Technology
CURAA,Cura Technologies Limited,IT,provider,Technology
CYBERTECH,Cybertech Systems And Software Limited,IT,provider,Information Technology Services
CYIENT,Cyient Limited,IT,nse_official,Information Technology
DATAMATICS,Datamatics Global Services Limited,IT,nse_official,Information Technology
DCI,Dc Infotech And Communication Limited,IT,provider,Technology
DEVIT,Dev Information Technology Limited,IT,provider,Technology
DLINKINDIA,D-Link (India) Limited,IT,provider,Technology
DRCSYSTEMS,DRC Systems India Limited,IT,provider,Technology
DSSL,Dynacons Systems & Solutions Limited,IT,provider,Technology
E2E,E2E Networks Limited,IT,provider,Software - Infrastructure
EBGNG,GNG Electronics Limited,IT,provider,Technology
EMPOWER,Empower India Limited,IT,provider,Technology
EMUDHRA,eMudhra Limited,IT,provider,Technology
EQUIPPP,Equippp Social Impact Technologies Limited,IT,provider,Information Technology Services
EXCELSOFT,Excelsoft Technologies Limited,IT,provider,Technology
EXPLEOSOL,Expleo Solutions Limited,IT,provider,Technology
FCSSOFT,FCS Software Solutions Limited,IT,provider,Technology
FRACTAL,Fractal Analytics Limited,IT,provider,Technology
GENESYS,Genesys International Corporation Limited,IT,provider,Technology
GOLDTECH,AION-TECH SOLUTIONS LIMITED,IT,provider,Information Technology Services
GSS,GSS Infotech Limited,IT,provider,Technology
GTLINFRA,GTL Infrastructure Limited,IT,provider,Technology
GVPTECH,GVP Infotech Limited,IT,provider,Technology
HAPPSTMNDS,Happiest Minds Technologies Limited,IT,nse_official,Information Technology
HCL-INSYS,HCL Infosystems Limited,IT,provider,Technology
HCLTECH,HCL Technologies Limited,IT,nse_official,Information Technology
HEADSUP,Heads UP Ventures Limited,IT,manual,
HEXT,Hexaware Technologies Limited,IT,nse_official,Information Technology
HGM,HandsOn Global Management (HGM) Limited,IT,provider,Technology
IDEAFORGE,Ideaforge Technology Limited,IT,provider,Technology
IKIO,IKIO Technologies Limited,IT,provider,Technology
IKS,Inventurus Knowledge Solutions Limited,IT,nse_official,Information Technology
INA,Insolation Energy Limited,IT,provider,Technology
INFOBEAN,InfoBeans Technologies Limited,IT,provider,Technology
INFY,Infosys Limited,IT,nse_official,Information Technology
INNOVANA,Innovana Thinklabs Limited,IT,provider,Technology
INSPIRISYS,Inspirisys Solutions Limited,IT,provider,Information Technology Services
INTELLECT,Intellect Design Arena Limited,IT,nse_official,Information Technology
INTENTECH,Intense Technologies Limited,IT,provider,Technology
IRIS,IRIS RegTech Solutions Limited,IT,provider,Technology
IVALUE,Ivalue Infosolutions Limited,IT,provider,Technology
IZMO,IZMO Limited,IT,provider,Technology
KAVDEFENCE,Kavveri Defence & Wireless Technologies Limited,IT,provider,Technology
KELLTONTEC,Kellton Tech Solutions Limited,IT,manual,
KERNEX,Kernex Microsystems (India) Limited,IT,manual,
KINGFA,Kingfa Science & Technology (India) Limited,IT,manual,
KPITTECH,KPIT Technologies Limited,IT,nse_official,Information Technology
KSOLVES,Ksolves India Limited,IT,manual,
LATENTVIEW,Latent View Analytics Limited,IT,nse_official,Information Technology
LCCINFOTEC,LCC Infotech Limited,IT,manual,
LTM,LTM Limited,IT,nse_official,Information Technology
LTTS,L&T Technology Services Limited,IT,nse_official,Information Technology
MAPMYINDIA,C.E. Info Systems Limited,IT,nse_official,Information Technology
MARKOLINES,Markolines Pavement Technologies Limited,IT,manual,
MASTEK,Mastek Limited,IT,nse_official,Information Technology
MATRIMONY,Matrimony.Com Limited,IT,manual,
MCLOUD,Magellanic Cloud Limited,IT,manual,
MINDTECK,Mindteck (India) Limited,IT,manual,
MOBIKWIK,One Mobikwik Systems Limited,IT,manual,
MOSCHIP,Moschip Technologies Limited,IT,manual,
MPHASIS,MphasiS Limited,IT,nse_official,Information Technology
MPSLTD,MPS Limited,IT,manual,
NETWEB,Netweb Technologies India Limited,IT,nse_official,Information Technology
NEWGEN,Newgen Software Technologies Limited,IT,nse_official,Information Technology
NIITLTD,NIIT Limited,IT,manual,
NIITMTS,NIIT Learning Systems Limited,IT,manual,
NINSYS,NINtec Systems Limited,IT,provider,Technology
NPST,Network People Services Technologies Limited,IT,manual,
NUCLEUS,Nucleus Software Exports Limited,IT,provider,Technology
ODIGMA,Odigma Consultancy Solutions Limited,IT,manual,
OFSS,Oracle Financial Services Software Limited,IT,nse_official,Information Technology
ONEPOINT,One Point One Solutions Limited,IT,manual,
ONWARDTEC,Onward Technologies Limited,IT,manual,
ORCHASP,Orchasp Limited,IT,manual,
ORIENTTECH,Orient Technologies Limited,IT,manual,
ORTINGLOBE,ORTIN GLOBAL LIMITED,IT,manual,
PERSISTENT,Persistent Systems Limited,IT,nse_official,Information Technology
PROSTARM,Prostarm Info Systems Limited,IT,manual,
PROTEAN,Protean eGov Technologies Limited,IT,provider,Technology
QUICKHEAL,Quick Heal Technologies Limited,IT,provider,Software - Application
QUINT,Quint Digital Limited,IT,manual,
RAMCOSYS,Ramco Systems Limited,IT,manual,
RATEGAIN,Rategain Travel Technologies Limited,IT,nse_official,Information Technology
REPL,Rudrabhishek Enterprises Limited,IT,provider,Consulting Services
RPTECH,Rashi Peripherals Limited,IT,manual,
RSSOFTWARE,R. S. Software (India) Limited,IT,manual,
RSYSTEMS,R Systems International Limited,IT,manual,
SAGILITY,SAGILITY LIMITED,IT,nse_official,Information Technology
SAKSOFT,Saksoft Limited,IT,manual,
SASKEN,Sasken Technologies Limited,IT,manual,
SECMARK,SecMark Consultancy Limited,IT,manual,
SECURKLOUD,SECUREKLOUD TECHNOLOGIES LIMITED,IT,manual,
SHADOWFAX,Shadowfax Technologies Limited,IT,manual,
SHILCTECH,Shilchar Technologies Limited,IT,manual,
SIGMA,Sigma Solve Limited,IT,manual,
SIGMAADV,SIGMA ADVANCED SYSTEMS LIMITED,IT,manual,
SIKA,Sika Interplant Systems Limited,IT,manual,
SILVERTUC,Silver Touch Technologies Limited,IT,provider,Technology
SOLARWORLD,Solarworld Energy Solutions Limited,IT,manual,
SONATSOFTW,Sonata Software Limited,IT,nse_official,Information Technology
SOTL,Savita Oil Technologies Limited,IT,manual,
SPCENET,Spacenet Enterprises India Limited,IT,manual,
SUBEXLTD,Subex Limited,IT,manual,
SUVIDHAA,Suvidhaa Infoserve Limited,IT,provider,Technology
SWELECTES,Swelect Energy Systems Limited,IT,manual,
TAALTECH,Taal Tech Limited,IT,manual,
TAKE,TAKE Limited,IT,manual,
TANLA,Tanla Platforms Limited,IT,nse_official,Information Technology
TARACHAND,Tara Chand InfraLogistic Solutions Limited,IT,manual,
TATAELXSI,Tata Elxsi Limited,IT,nse_official,Information Technology
TATATECH,Tata Technologies Limited,IT,nse_official,Information Technology
TCS,Tata Consultancy Services Limited,IT,nse_official,Information Technology
TECHM,Tech Mahindra Limited,IT,nse_official,Information Technology
TECHNVISN,TechNVision Ventures Limited,IT,manual,
TERASOFT,Tera Software Limited,IT,manual,
TOTAL,Total Transport Systems Limited,IT,manual,
TRACXN,Tracxn Technologies Limited,IT,manual,
TREJHARA,TREJHARA SOLUTIONS LIMITED,IT,manual,
TRIGYN,Trigyn Technologies Limited,IT,provider,Technology
TVSELECT,TVS Electronics Limited,IT,manual,
ABINFRA,A B Infrabuild Limited,Infra,provider,Engineering & Construction
AFCONS,Afcons Infrastructure Limited,Infra,nse_official,Construction
AHLUCONT,Ahluwalia Contracts (India) Limited,Infra,nse_official,Construction
ASHOKA,Ashoka Buildcon Limited,Infra,nse_official,Construction
BGRENERGY,BGR Energy Systems Limited,Infra,provider,Engineering & Construction
CEMPRO,Cemindia Projects Limited,Infra,nse_official,Construction
DBEIL,Deepak Builders & Engineers India Limited,Infra,provider,Engineering & Construction
DBL,Dilip Buildcon Limited,Infra,nse_official,Construction
ENGINERSIN,Engineers India Limited,Infra,nse_official,Construction
GAYAHWS,Gayatri Highways Limited,Infra,manual,
GAYAPROJ,Gayatri Projects Limited,Infra,provider,Engineering & Construction
HCC,Hindustan Construction Company Limited,Infra,nse_official,Construction
HGINFRA,H.G. Infra Engineering Limited,Infra,nse_official,Construction
IL&FSENGG,IL&FS Engineering and Construction Company Limited,Infra,provider,Engineering & Construction
IL&FSTRANS,IL&FS Transportation Networks Limited,Infra,provider,Infrastructure Operations
IRB,IRB Infrastructure Developers Limited,Infra,nse_official,Construction
IRCON,Ircon International Limited,Infra,nse_official,Construction
KAUSHALYA,Kaushalya Infrastructure Development Corporation Limited,Infra,provider,Engineering & Construction
KEC,KEC International Limited,Infra,nse_official,Construction
KNRCON,KNR Constructions Limited,Infra,nse_official,Construction
KOLTEPATIL,Kolte - Patil Developers Limited,Infra,manual,
KPIL,Kalpataru Projects International Limited,Infra,nse_official,Construction
LIKHITHA,Likhitha Infrastructure Limited,Infra,manual,
LT,Larsen & Toubro Limited,Infra,nse_official,Construction
MADHAVIPL,Madhav Infra Projects Limited,Infra,manual,
MADHUCON,Madhucon Projects Limited,Infra,provider,Engineering & Construction
MAHEPC,Mahindra EPC Irrigation Limited,Infra,manual,
MAXESTATES,Max Estates Limited,Infra,manual,
MBLINFRA,MBL Infrastructure Limited,Infra,manual,
MEP,MEP Infrastructure Developers Limited,Infra,provider,Infrastructure Operations
MITCON,MITCON Consultancy & Engineering Services Limited,Infra,provider,Engineering & Construction
MOLDTECH,Mold-Tek Technologies Limited,Infra,provider,Engineering & Construction
NBCC,NBCC (India) Limited,Infra,nse_official,Construction
NCC,NCC Limited,Infra,nse_official,Construction
NILAINFRA,Nila Infrastructures Limited,Infra,manual,
NIMBSPROJ,Nimbus Projects Limited,Infra,manual,
OMINFRAL,OM INFRA LIMITED,Infra,manual,
PANSARI,Pansari Developers Limited,Infra,manual,
PNCINFRA,PNC Infratech Limited,Infra,nse_official,Construction
POWERMECH,Power Mech Projects Limited,Infra,nse_official,Construction
PSPPROJECT,PSP Projects Limited,Infra,manual,
RAMKY,Ramky Infrastructure Limited,Infra,manual,
RITES,RITES Limited,Infra,nse_official,Construction
RKEC,RKEC Projects Limited,Infra,manual,
RPPINFRA,R.P.P. Infra Projects Limited,Infra,manual,
RUCHINFRA,Ruchi Infrastructure Limited,Infra,manual,
RUDRA,Rudra Global Infra Products Limited,Infra,manual,
RVNL,Rail Vikas Nigam Limited,Infra,nse_official,Construction
SADBHIN,Sadbhav Infrastructure Project Limited,Infra,provider,Engineering & Construction
SEMAC,Semac Construction Limited,Infra,manual,
SEPC,SEPC Limited,Infra,manual,
SETUINFRA,Setubandhan Infrastructure Limited,Infra,provider,Engineering & Construction
SHANKARA,Shankara Building Products Limited,Infra,manual,
SIMPLEXINF,Simplex Infrastructures Limited,Infra,manual,
SPMLINFRA,SPML Infra Limited,Infra,manual,
SRM,SRM Contractors Limited,Infra,manual,
SUPREMEINF,Supreme Infrastructure India Limited,Infra,manual,
SWSOLAR,Sterling and Wilson Renewable Energy Limited,Infra,nse_official,Construction
TARMAT,Tarmat Limited,Infra,manual,
TECHNOE,Techno Electric & Engineering Company Limited,Infra,nse_official,Construction
TEXINFRA,Texmaco Infrastructure & Holdings Limited,Infra,manual,
TICL,Twamev Construction and Infrastructure Limited,Infra,provider,Engineering & Construction
TPHQ,Teamo Productions HQ Limited,Infra,provider,Engineering & Construction
CREATIVEYE,Creative Eye Limited,Media,manual,
HMVL,Hindustan Media Ventures Limited,Media,provider,Publishing
INFOMEDIA,Infomedia Press Limited,Media,manual,
MMWL,Media Matrix Worldwide Limited,Media,manual,
MUKTAARTS,Mukta Arts Limited,Media,provider,Entertainment
NAZARA,Nazara Technologies Limited,Media,nse_official,Media Entertainment & Publication
NDTV,New Delhi Television Limited,Media,manual,
NETWORK18,Network18 Media & Investments Limited,Media,nse_official,Media Entertainment & Publication
NEXTMEDIA,Next Mediaworks Limited,Media,manual,
PFOCUS,Prime Focus Limited,Media,nse_official,Media Entertainment & Publication
PVRINOX,PVR INOX Limited,Media,nse_official,Media Entertainment & Publication
RADAAN,Radaan Mediaworks India Limited,Media,manual,
RADIOCITY,Music Broadcast Limited,Media,manual,
REPRO,Repro India Limited,Media,manual,
RKSWAMY,R K Swamy Limited,Media,manual,
SAMBHAAV,Sambhaav Media Limited,Media,manual,
SANDESH,The Sandesh Limited,Media,manual,
SAREGAMA,Saregama India Limited,Media,nse_official,Media Entertainment & Publication
SCHAND,S Chand And Company Limited,Media,manual,
SHEMAROO,Shemaroo Entertainment Limited,Media,provider,Entertainment
SIGNPOST,Signpost India Limited,Media,manual,
SILLYMONKS,Silly Monks Entertainment Limited,Media,manual,
SITINET,Siti Networks Limited,Media,provider,Entertainment
SUNTV,Sun TV Network Limited,Media,nse_official,Media Entertainment & Publication
TIPSFILMS,Tips Films Limited,Media,manual,
TIPSMUSIC,Tips Music Limited,Media,nse_official,Media Entertainment & Publication
TOUCHWOOD,Touchwood Entertainment Limited,Media,provider,Advertising Agencies
TVVISION,TV Vision Limited,Media,provider,Broadcasting
UFO,UFO Moviez India Limited,Media,manual,
ADANIENT,Adani Enterprises Limited,Metal,nse_official,Metals & Mining
ANKITMETAL,Ankit Metal & Power Limited,Metal,provider,Steel
ASHAPURMIN,Ashapura Minechem Limited,Metal,nse_official,Metals & Mining
DCM,DCM  Limited,Metal,provider,Metal Fabrication
DPWIRES,D P Wires Limited,Metal,provider,Metal Fabrication
GMDCLTD,Gujarat Mineral Development Corporation Limited,Metal,nse_official,Metals & Mining
GRAVITA,Gravita India Limited,Metal,nse_official,Metals & Mining
HINDALCO,Hindalco Industries Limited,Metal,nse_official,Metals & Mining
HINDCOPPER,Hindustan Copper Limited,Metal,nse_official,Metals & Mining
HINDZINC,Hindustan Zinc Limited,Metal,nse_official,Metals & Mining
IMFA,Indian Metals & Ferro Alloys Limited,Metal,nse_official,Metals & Mining
IMPEXFERRO,Impex Ferro Tech Limited,Metal,provider,Other Industrial Metals & Mining
INVPRECQ,Investment & Precision Castings Limited,Metal,provider,Steel
JAIBALAJI,Jai Balaji Industries Limited,Metal,nse_official,Metals & Mining
JAINREC,Jain Resource Recycling Limited,Metal,nse_official,Metals & Mining
JINDALSTEL,JINDAL STEEL LIMITED,Metal,nse_official,Metals & Mining
JSL,Jindal Stainless Limited,Metal,nse_official,Metals & Mining
JSWSTEEL,JSW Steel Limited,Metal,nse_official,Metals & Mining
KAKATCEM,Kakatiya Cement Sugar & Industries Limited,Metal,manual,
KAMDHENU,Kamdhenu Limited,Metal,provider,Steel
KAMOPAINTS,Kamdhenu Ventures Limited,Metal,provider,Steel
KIOCL,KIOCL Limited,Metal,manual,
KRIDHANINF,Kridhan Infra Limited,Metal,provider,Steel
KSL,Kalyani Steels Limited,Metal,manual,
LLOYDSENT,Lloyds Enterprises Limited,Metal,nse_official,Metals & Mining
LLOYDSME,Lloyds Metals And Energy Limited,Metal,nse_official,Metals & Mining
MAANALU,Maan Aluminium Limited,Metal,manual,
MADHAV,Madhav Marbles and Granites Limited,Metal,manual,
MAHASTEEL,Mahamaya Steel Industries Limited,Metal,provider,Steel
MAITHANALL,Maithan Alloys Limited,Metal,manual,
MANAKALUCO,Manaksia Aluminium Company Limited,Metal,manual,
MANAKCOAT,Manaksia Coated Metals & Industries Limited,Metal,manual,
MANAKSIA,Manaksia Limited,Metal,provider,Metal Fabrication
MANAKSTEEL,Manaksia Steels Limited,Metal,manual,
MANGLMCEM,Mangalam Cement Limited,Metal,manual,
MCL,M TEK COPPER LIMITED,Metal,manual,
MIDWESTLTD,Midwest Limited,Metal,manual,
MOIL,MOIL Limited,Metal,nse_official,Metals & Mining
MURUDCERA,Murudeshwar Ceramics Limited,Metal,manual,
MWL,Mangalam Worldwide Limited,Metal,manual,
NATIONALUM,National Aluminium Company Limited,Metal,nse_official,Metals & Mining
NATIONSTD,National Standard (India) Limited,Metal,manual,
NCLIND,NCL Industries Limited,Metal,manual,
NILE,Nile Limited,Metal,manual,
NIRAJ,Niraj Cement Structurals Limited,Metal,manual,
NMDC,NMDC Limited,Metal,nse_official,Metals & Mining
NSLNISP,NMDC Steel Limited,Metal,nse_official,Metals & Mining
ORIENTALTL,Oriental Trimex Limited,Metal,manual,
ORISSAMINE,The Orissa Minerals Development Company Limited,Metal,manual,
POKARNA,Pokarna Limited,Metal,manual,
PRADPME,Pradeep Metals Limited,Metal,provider,Metal Fabrication
PRAKASHSTL,Prakash Steelage Limited,Metal,manual,
RAJMET,Rajnandini Metal Limited,Metal,manual,
RAJRATAN,Rajratan Global Wire Limited,Metal,manual,
RAMASTEEL,Rama Steel Tubes Limited,Metal,provider,Steel
REGENCERAM,Regency Ceramics Limited,Metal,manual,
RHETAN,Rhetan TMT Limited,Metal,manual,
RSL,Rajputana Stainless Limited,Metal,manual,
SAGARDEEP,Sagardeep Alloys Limited,Metal,manual,
SAGCEM,Sagar Cements Limited,Metal,manual,
SAIL,Steel Authority of India Limited,Metal,nse_official,Metals & Mining
SALSTEEL,S.A.L. Steel Limited,Metal,manual,
SAMBHV,Sambhv Steel Tubes Limited,Metal,manual,
SANDUMA,Sandur Manganese & Iron Ores Limited,Metal,nse_official,Metals & Mining
SARDAEN,Sarda Energy & Minerals Limited,Metal,nse_official,Metals & Mining
SAURASHCEM,Saurashtra Cement Limited,Metal,manual,
SCANSTL,Scan Steels Limited,Metal,provider,Steel
SHAH,Shah Metacorp Limited,Metal,manual,
SHAHALLOYS,Shah Alloys Limited,Metal,manual,
SHBAJRG,Shri Bajrang Alliance Limited,Metal,manual,
SHREDIGCEM,Shree Digvijay Cement Co.Ltd,Metal,manual,
SHYAMCENT,Shyam Century Ferrous Limited,Metal,provider,Steel
SMLT,Sarthak Metals Limited,Metal,manual,
STEELCAS,Steelcast Limited,Metal,manual,
STEELXIND,STEEL EXCHANGE INDIA LIMITED,Metal,manual,
SUNFLAG,Sunflag Iron And Steel Company Limited,Metal,manual,
SUPREMEENG,Supreme Engineering Limited,Metal,provider,Steel
SURAJLTD,Suraj Limited,Metal,manual,
TAMBOLIIN,Tamboli Industries Limited,Metal,provider,Metal Fabrication
TATASTEEL,Tata Steel Limited,Metal,nse_official,Metals & Mining
TIRUPATIFL,Tirupati Forge Limited,Metal,provider,Metal Fabrication
3BBLACKBIO,3B Blackbio Dx Limited,Pharma,provider,Healthcare
AAREYDRUGS,Aarey Drugs & Pharmaceuticals Limited,Pharma,provider,Healthcare
AARTIDRUGS,Aarti Drugs Limited,Pharma,nse_official,Healthcare
AARTIPHARM,Aarti Pharmalabs Limited,Pharma,nse_official,Healthcare
ABBOTINDIA,Abbott India Limited,Pharma,nse_official,Healthcare
ACUTAAS,Acutaas Chemicals Limited,Pharma,nse_official,Healthcare
ADVENZYMES,Advanced Enzyme Technologies Limited,Pharma,nse_official,Healthcare
AGARWALEYE,Dr. Agarwal's Health Care Limited,Pharma,nse_official,Healthcare
AHCL,Anlon Healthcare Limited,Pharma,provider,Healthcare
AJANTPHARM,Ajanta Pharma Limited,Pharma,nse_official,Healthcare
AKUMS,Akums Drugs and Pharmaceuticals Limited,Pharma,nse_official,Healthcare
ALBERTDAVD,Albert David Limited,Pharma,provider,Healthcare
ALIVUS,Alivus Life Sciences Limited,Pharma,nse_official,Healthcare
ALKEM,Alkem Laboratories Limited,Pharma,nse_official,Healthcare
ALPA,Alpa Laboratories Limited,Pharma,provider,Healthcare
AMANTA,Amanta Healthcare Limited,Pharma,provider,Drug Manufacturers - Specialty & Generic
AMBALALSA,Ambalal Sarabhai Enterprises Limited,Pharma,provider,Drug Manufacturers - Specialty & Generic
AMRUTANJAN,Amrutanjan Health Care Limited,Pharma,provider,Healthcare
ANTHEM,Anthem Biosciences Limited,Pharma,nse_official,Healthcare
ANUHPHR,Anuh Pharma Limited,Pharma,provider,Healthcare
APLLTD,Alembic Pharmaceuticals Limited,Pharma,nse_official,Healthcare
APOLLOHOSP,Apollo Hospitals Enterprise Limited,Pharma,nse_official,Healthcare
ARTEMISMED,Artemis Medicare Services Limited,Pharma,manual,
ASTERDM,Aster DM Quality Care Limited,Pharma,nse_official,Healthcare
ASTRAZEN,AstraZeneca Pharma India Limited,Pharma,provider,Healthcare
AUROPHARMA,Aurobindo Pharma Limited,Pharma,nse_official,Healthcare
BAFNAPH,Bafna Pharmaceuticals Limited,Pharma,provider,Drug Manufacturers - Specialty & Generic
BAJAJHCARE,Bajaj Healthcare Limited,Pharma,provider,Healthcare
BALAXI,BALAXI PHARMACEUTICALS LIMITED,Pharma,provider,Healthcare
BALPHARMA,Bal Pharma Limited,Pharma,provider,Healthcare
BETA,Beta Drugs Limited,Pharma,provider,Healthcare
BIOCON,Biocon Limited,Pharma,nse_official,Healthcare
BIOFILCHEM,Biofil Chemicals & Pharmaceuticals Limited,Pharma,provider,Healthcare
BLISSGVS,Bliss GVS Pharma Limited,Pharma,provider,Drug Manufacturers - Specialty & Generic
BLUEJET,Blue Jet Healthcare Limited,Pharma,nse_official,Healthcare
BROOKS,Brooks Laboratories Limited,Pharma,provider,Drug Manufacturers - Specialty & Generic
CAPLIPOINT,Caplin Point Laboratories Limited,Pharma,nse_official,Healthcare
CIPLA,Cipla Limited,Pharma,nse_official,Healthcare
COHANCE,Cohance Lifesciences Limited,Pharma,nse_official,Healthcare
CONCORDBIO,Concord Biotech Limited,Pharma,nse_official,Healthcare
CORONA,CORONA Remedies Limited,Pharma,nse_official,Healthcare
DCAL,Dishman Carbogen Amcis Limited,Pharma,provider,Healthcare
DIVISLAB,Divi's Laboratories Limited,Pharma,nse_official,Healthcare
DRAGARWQ,Dr Agarwals Eye Hospital Limited,Pharma,provider,Healthcare
DRREDDY,Dr. Reddy's Laboratories Limited,Pharma,nse_official,Healthcare
EMCURE,Emcure Pharmaceuticals Limited,Pharma,nse_official,Healthcare
ERIS,Eris Lifesciences Limited,Pharma,nse_official,Healthcare
FABTECH,Fabtech Technologies Limited,Pharma,provider,Healthcare
FDC,FDC Limited,Pharma,provider,Healthcare
FERMENTA,Fermenta Biotech Limited,Pharma,provider,Healthcare
FISCHER,Fischer Medical Ventures Limited,Pharma,provider,Healthcare
FORTIS,Fortis Healthcare Limited,Pharma,nse_official,Healthcare
GAUDIUMIVF,Gaudium IVF and Women Health Limited,Pharma,provider,Medical Care Facilities
GKSL,Gujarat Kidney And Super Speciality Limited,Pharma,provider,Healthcare
GLAND,Gland Pharma Limited,Pharma,nse_official,Healthcare
GLAXO,GlaxoSmithKline Pharmaceuticals Limited,Pharma,nse_official,Healthcare
GLENMARK,Glenmark Pharmaceuticals Limited,Pharma,nse_official,Healthcare
GPTHEALTH,GPT Healthcare Limited,Pharma,provider,Healthcare
GRANULES,Granules India Limited,Pharma,nse_official,Healthcare
GUFICBIO,Gufic Biosciences Limited,Pharma,provider,Healthcare
GUJTHEM,Gujarat Themis Biosyn Limited,Pharma,provider,Healthcare
HALEOSLABS,HALEOS LABS LIMITED,Pharma,provider,Healthcare
HCG,Healthcare Global Enterprises Limited,Pharma,nse_official,Healthcare
HESTERBIO,Hester Biosciences Limited,Pharma,provider,Healthcare
HIKAL,Hikal Limited,Pharma,provider,Healthcare
INDGN,Indegene Limited,Pharma,nse_official,Healthcare
INDOCO,Indoco Remedies Limited,Pharma,provider,Healthcare
INDRAMEDCO,Indraprastha Medical Corporation Limited,Pharma,provider,Healthcare
INDSWFTLAB,Ind-Swift Laboratories Limited,Pharma,provider,Healthcare
INNOVACAP,Innova Captab Limited,Pharma,provider,Healthcare
IOLCP,IOL Chemicals and Pharmaceuticals Limited,Pharma,provider,Healthcare
IPCALAB,IPCA Laboratories Limited,Pharma,nse_official,Healthcare
JAGSNPHARM,Jagsonpal Pharmaceuticals Limited,Pharma,provider,Healthcare
JLHL,Jupiter Life Line Hospitals Limited,Pharma,nse_official,Healthcare
JUBLPHARMA,Jubilant Pharmova Limited,Pharma,nse_official,Healthcare
KAYA,Kaya Limited,Pharma,manual,
KILITCH,Kilitch Drugs (India) Limited,Pharma,provider,Drug Manufacturers - Specialty & Generic
KIMS,Krishna Institute of Medical Sciences Limited,Pharma,nse_official,Healthcare
KOPRAN,Kopran Limited,Pharma,provider,Drug Manufacturers - General
KOVAI,Kovai Medical Center & Hospital Limited,Pharma,manual,
KPL,Kwality Pharmaceuticals Limited,Pharma,manual,
KRSNAA,Krsnaa Diagnostics Limited,Pharma,provider,Healthcare
LALPATHLAB,Dr. Lal Path Labs Ltd.,Pharma,nse_official,Healthcare
LASA,Lasa Supergenerics Limited,Pharma,provider,Healthcare
LAURUSLABS,Laurus Labs Limited,Pharma,nse_official,Healthcare
LAXMIDENTL,Laxmi Dental Limited,Pharma,manual,
LINCOLN,Lincoln Pharmaceuticals Limited,Pharma,manual,
LOTUSEYE,Lotus Eye Hospital and Institute Limited,Pharma,manual,
LUPIN,Lupin Limited,Pharma,nse_official,Healthcare
LYKALABS,Lyka Labs Limited,Pharma,provider,Biotechnology
MANGALAM,Mangalam Drugs And Organics Limited,Pharma,manual,
MANKIND,Mankind Pharma Limited,Pharma,nse_official,Healthcare
MARKSANS,Marksans Pharma Limited,Pharma,nse_official,Healthcare
MAXHEALTH,Max Healthcare Institute Limited,Pharma,nse_official,Healthcare
MEDANTA,Global Health Limited,Pharma,nse_official,Healthcare
MEDIASSIST,Medi Assist Healthcare Services Limited,Pharma,provider,Healthcare
MEDICAMEQ,Medicamen Biotech Limited,Pharma,manual,
MEDICO,Medico Remedies Limited,Pharma,manual,
METROPOLIS,Metropolis Healthcare Limited,Pharma,nse_official,Healthcare
MOREPENLAB,Morepen Laboratories Limited,Pharma,manual,
NATCAPSUQ,Natural Capsules Limited,Pharma,provider,Healthcare
NATCOPHARM,Natco Pharma Limited,Pharma,nse_official,Healthcare
NECLIFE,Nectar Lifesciences Limited,Pharma,provider,Drug Manufacturers - Specialty & Generic
NEPHROPLUS,Nephrocare Health Services Limited,Pharma,manual,
NEULANDLAB,Neuland Laboratories Limited,Pharma,nse_official,Healthcare
NGLFINE,NGL Fine-Chem Limited,Pharma,provider,Healthcare
NH,Narayana Hrudayalaya Ltd.,Pharma,nse_official,Healthcare
NOVARTIND,Novartis India Limited,Pharma,manual,
NURECA,Nureca Limited,Pharma,provider,Medical Devices
ONESOURCE,Onesource Specialty Pharma Limited,Pharma,nse_official,Healthcare
ORCHPHARMA,Orchid Pharma Limited,Pharma,manual,
PANACEABIO,Panacea Biotec Limited,Pharma,manual,
PAR,Par Drugs And Chemicals Limited,Pharma,manual,
PARKHOSPS,Park Medi World Limited,Pharma,nse_official,Healthcare
PFIZER,Pfizer Limited,Pharma,nse_official,Healthcare
PGHL,Procter & Gamble Health Limited,Pharma,manual,
POLYMED,Poly Medicure Limited,Pharma,nse_official,Healthcare
PPLPHARMA,Piramal Pharma Limited,Pharma,nse_official,Healthcare
RAINBOW,Rainbow Childrens Medicare Limited,Pharma,nse_official,Healthcare
ROSSARI,Rossari Biotech Limited,Pharma,manual,
RPGLIFE,RPG Life Sciences Limited,Pharma,manual,
RUBICON,Rubicon Research Limited,Pharma,nse_official,Healthcare
SAILIFE,Sai Life Sciences Limited,Pharma,nse_official,Healthcare
SAIPARENT,Sai Parenterals Limited,Pharma,manual,
SAKAR,Sakar Healthcare Limited,Pharma,manual,
SANOFI,Sanofi India Limited,Pharma,manual,
SANOFICONR,Sanofi Consumer Healthcare India Limited,Pharma,nse_official,Healthcare
SENORES,Senores Pharmaceuticals Limited,Pharma,manual,
SHALBY,Shalby Limited,Pharma,manual,
SHILPAMED,Shilpa Medicare Limited,Pharma,nse_official,Healthcare
SMSPHARMA,SMS Pharmaceuticals Limited,Pharma,provider,Healthcare
SOLARA,Solara Active Pharma Sciences Limited,Pharma,manual,
SPARC,Sun Pharma Advanced Research Company Limited,Pharma,nse_official,Healthcare
STAR,Strides Pharma Science Limited,Pharma,nse_official,Healthcare
SUNPHARMA,Sun Pharmaceutical Industries Limited,Pharma,nse_official,Healthcare
SUPRIYA,Supriya Lifescience Limited,Pharma,nse_official,Healthcare
SURAKSHA,Suraksha Diagnostic Limited,Pharma,manual,
SUVEN,Suven Life Sciences Limited,Pharma,manual,
SYNCOMF,Syncom Formulations (India) Limited,Pharma,manual,
SYNGENE,Syngene International Limited,Pharma,nse_official,Healthcare
TARSONS,Tarsons Products Limited,Pharma,manual,
TATVA,Tatva Chintan Pharma Chem Limited,Pharma,manual,
THEMISMED,Themis Medicare Limited,Pharma,manual,
THYROCARE,Thyrocare Technologies Limited,Pharma,nse_official,Healthcare
TORNTPHARM,Torrent Pharmaceuticals Limited,Pharma,nse_official,Healthcare
TTKHLTCARE,TTK Healthcare Limited,Pharma,manual,
ACMESOLAR,Acme Solar Holdings Limited,Power,nse_official,Power
ADANIENSOL,Adani Energy Solutions Limited,Power,nse_official,Power
ADANIGREEN,Adani Green Energy Limited,Power,nse_official,Power
ADANIPOWER,Adani Power Limited,Power,nse_official,Power
CESC,CESC Limited,Power,nse_official,Power
DPSCLTD,DPSC Limited,Power,provider,Utilities - Regulated Electric
GMRP&UI,GMR Power and Urban Infra Limited,Power,nse_official,Power
GVKPIL,GVK Power & Infrastructure Limited,Power,provider,Utilities - Independent Power Producers
JPPOWER,Jaiprakash Power Ventures Limited,Power,nse_official,Power
JSWENERGY,JSW Energy Limited,Power,nse_official,Power
KPIGREEN,KPI Green Energy Limited,Power,nse_official,Power
NAVA,NAVA LIMITED,Power,nse_official,Power
NHPC,NHPC Limited,Power,nse_official,Power
NLCINDIA,NLC India Limited,Power,nse_official,Power
NTPC,NTPC Limited,Power,nse_official,Power
NTPCGREEN,NTPC Green Energy Limited,Power,nse_official,Power
POWERGRID,Power Grid Corporation of India Limited,Power,nse_official,Power
PTC,PTC India Limited,Power,nse_official,Power
RPOWER,Reliance Power Limited,Power,nse_official,Power
RTNPOWER,RattanIndia Power Limited,Power,nse_official,Power
SJVN,SJVN Limited,Power,nse_official,Power
TATAPOWER,Tata Power Company Limited,Power,nse_official,Power
TORNTPOWER,Torrent Power Limited,Power,nse_official,Power
3PLAND,3P Land Holdings Limited,Realty,manual,
ABREL,Aditya Birla Real Estate Limited,Realty,nse_official,Realty
AGIIL,Agi Infra Limited,Realty,provider,Real Estate
AJMERA,Ajmera Realty & Infra India Limited,Realty,provider,Real Estate
ALEMBICLTD,Alembic Limited,Realty,provider,Real Estate
AMJLAND,Amj Land Holdings Limited,Realty,provider,Real Estate
ANANTRAJ,Anant Raj Limited,Realty,nse_official,Realty
ANSALAPI,Ansal Properties & Infrastructure Limited,Realty,provider,Real Estate - Development
ARIHANT,Arihant Foundations & Housing Limited,Realty,provider,Real Estate
ARIHANTSUP,Arihant Superstructures Limited,Realty,provider,Real Estate
ARKADE,Arkade Developers Limited,Realty,provider,Real Estate
ARTNIRMAN,Art Nirman Limited,Realty,provider,Real Estate
ARVSMART,Arvind SmartSpaces Limited,Realty,provider,Real Estate
ASHIANA,Ashiana Housing Limited,Realty,provider,Real Estate
ASHIMASYN,Ashima Limited,Realty,provider,Real Estate
AURUM,Aurum PropTech Limited,Realty,provider,Real Estate
BRIGADE,Brigade Enterprises Limited,Realty,nse_official,Realty
CORALFINAC,Coral India Finance & Housing Limited,Realty,provider,Real Estate
COUNCODOS,Country Condo's Limited,Realty,provider,Real Estate - Development
DBREALTY,Valor Estate Limited,Realty,nse_official,Realty
DEVX,Dev Accelerator Limited,Realty,provider,Real Estate
DLF,DLF Limited,Realty,nse_official,Realty
EFCIL,EFC (I) Limited,Realty,provider,Real Estate
ELDEHSG,Eldeco Housing And Industries Limited,Realty,provider,Real Estate
ELPROINTL,Elpro International Limited,Realty,manual,
EMAMIREAL,Emami Realty Limited,Realty,provider,Real Estate
EUROTEXIND,Eurotex Industries and Exports Limited,Realty,provider,Real Estate - Development
FMNL,Future Market Networks Limited,Realty,provider,Real Estate
GANESHHOU,GANESH HOUSING LIMITED,Realty,provider,Real Estate
GEECEE,GeeCee Ventures Limited,Realty,provider,Real Estate - Development
GODREJPROP,Godrej Properties Limited,Realty,nse_official,Realty
HBESD,HB Estate Developers Limited,Realty,manual,
HDIL,Housing Development and Infrastructure Limited,Realty,provider,Real Estate - Diversified
HUBTOWN,Hubtown Limited,Realty,provider,Real Estate
IBULLSLTD,Indiabulls Limited,Realty,provider,Real Estate
ICDSLTD,ICDS Limited,Realty,provider,Real Estate
INDIQUBE,Indiqube Spaces Limited,Realty,provider,Real Estate
KALPATARU,Kalpataru Limited,Realty,provider,Real Estate
LANCORHOL,Lancor Holdings Limited,Realty,manual,
LGHL,Laxmi Goldorna House Limited,Realty,manual,
LODHA,Lodha Developers Limited,Realty,nse_official,Realty
LOTUSDEV,Sri Lotus Developers and Realty Limited,Realty,nse_official,Realty
LPDC,Landmark Property Development Company Limited,Realty,provider,Real Estate
MAHLIFE,Mahindra Lifespace Developers Limited,Realty,provider,Real Estate
MAJESAUT,Majestic Auto Limited,Realty,provider,Real Estate Services
MARATHON,Marathon Nextgen Realty Limited,Realty,manual,
MERCANTILE,Mercantile Ventures Limited,Realty,manual,
MODIS,Modis Navnirman Limited,Realty,manual,
MOTOGENFIN,The Motor & General Finance Limited,Realty,provider,Real Estate Services
NILASPACES,Nila Spaces Limited,Realty,manual,
NIRLON,Nirlon Limited,Realty,manual,
OBEROIRLTY,Oberoi Realty Limited,Realty,nse_official,Realty
OMAXE,Omaxe Limited,Realty,manual,
PARSVNATH,Parsvnath Developers Limited,Realty,provider,Real Estate - Development
PENINLAND,Peninsula Land Limited,Realty,provider,Real Estate - Development
PHOENIXLTD,The Phoenix Mills Limited,Realty,nse_official,Realty
PRESTIGE,Prestige Estates Projects Limited,Realty,nse_official,Realty
PROZONER,Prozone Realty Limited,Realty,provider,Real Estate
PTL,PTL Enterprises Limited,Realty,provider,Real Estate Services
PURVA,Puravankara Limited,Realty,nse_official,Realty
RAYMONDREL,Raymond Realty Limited,Realty,manual,
ROLLT,Rollatainers Limited,Realty,provider,Real Estate Services
RUSTOMJEE,Keystone Realtors Limited,Realty,provider,Real Estate
RVHL,Ravinder Heights Limited,Realty,manual,
SBGLP,Suratwwala Business Group Limited,Realty,manual,
SHRADHA,Shradha Realty Limited,Realty,manual,
SHRIKRISH,Shri Krishna Devcon Limited,Realty,manual,
SHRIRAMPPS,Shriram Properties Limited,Realty,manual,
SIGNATURE,Signatureglobal (India) Limited,Realty,nse_official,Realty
SOBHA,Sobha Limited,Realty,nse_official,Realty
SUMIT,Sumit Woods Limited,Realty,provider,Real Estate - Development
SUNTECK,Sunteck Realty Limited,Realty,nse_official,Realty
SURAJEST,Suraj Estate Developers Limited,Realty,manual,
TARC,TARC Limited,Realty,nse_official,Realty
TCC,TCC Concept Limited,Realty,manual,
THAKDEV,Thakkers Developers Limited,Realty,provider,Real Estate
TREL,Transindia Real Estate Limited,Realty,manual,
ACCURACY,Accuracy Shipping Limited,Services,provider,Integrated Freight & Logistics
ADANIPORTS,Adani Ports and Special Economic Zone Limited,Services,nse_official,Services
ARSHIYA,Arshiya Limited,Services,provider,Integrated Freight & Logistics
AVG,AVG Logistics Limited,Services,provider,Integrated Freight & Logistics
AWFIS,Awfis Space Solutions Limited,Services,nse_official,Services
BLACKBUCK,BLACKBUCK LIMITED,Services,nse_official,Services
BLUEDART,Blue Dart Express Limited,Services,nse_official,Services
CEREBRAINT,Cerebra Integrated Technologies Limited,Services,provider,Waste Management
CMSINFO,CMS Info Systems Limited,Services,nse_official,Services
CONCOR,Container Corporation of India Limited,Services,nse_official,Services
DELHIVERY,Delhivery Limited,Services,nse_official,Services
ECLERX,eClerx Services Limited,Services,nse_official,Services
ECOSMOBLTY,Ecos (India) Mobility & Hospitality Limited,Services,provider,Rental & Leasing Services
ESSENTIA,Integra Essentia Limited,Services,manual,
FSL,Firstsource Solutions Limited,Services,nse_official,Services
GESHIP,The Great Eastern Shipping Company Limited,Services,nse_official,Services
GMRAIRPORT,GMR AIRPORTS LIMITED,Services,nse_official,Services
GPPL,Gujarat Pipavav Port Limited,Services,nse_official,Services
HEMIPROP,Hemisphere Properties India Limited,Services,nse_official,Services
IGIL,International Gemological Institute Limited,Services,nse_official,Services
INDIGO,InterGlobe Aviation Limited,Services,nse_official,Services
INOXGREEN,Inox Green Energy Services Limited,Services,nse_official,Services
JSWINFRA,JSW Infrastructure Limited,Services,nse_official,Services
KAPSTON,Kapston Services Limited,Services,manual,
KOTHARIPRO,Kothari Products Limited,Services,manual,
LAHOTIOV,Lahoti Overseas Limited,Services,manual,
MAHESHWARI,Maheshwari Logistics Limited,Services,provider,Integrated Freight & Logistics
MAHLOG,Mahindra Logistics Limited,Services,manual,
MMTC,MMTC Limited,Services,nse_official,Services
MSTCLTD,Mstc Limited,Services,nse_official,Services
NAGREEKEXP,Nagreeka Exports Limited,Services,manual,
NAVKARCORP,Navkar Corporation Limited,Services,manual,
NECCLTD,North Eastern Carrying Corporation Limited,Services,provider,Trucking
NESCO,Nesco Limited,Services,nse_official,Services
NORBTEAEXP,Norben Tea & Exports Limited,Services,manual,
NRL,Nupur Recyclers Limited,Services,provider,Waste Management
OMFREIGHT,Om Freight Forwarders Limited,Services,provider,Integrated Freight & Logistics
PATINTLOG,Patel Integrated Logistics Limited,Services,provider,Integrated Freight & Logistics
PML,Paul Merchants Limited,Services,manual,
QUESS,Quess Corp Limited,Services,nse_official,Services
RACE,Race Eco Chain Limited,Services,provider,Waste Management
RADIANTCMS,Radiant Cash Management Services Limited,Services,manual,
REDINGTON,Redington Limited,Services,nse_official,Services
RELIABLE,Reliable Data Services Limited,Services,manual,
RITCO,Ritco Logistics Limited,Services,manual,
RRIL,RRIL Limited,Services,manual,
SANGHVIMOV,Sanghvi Movers Limited,Services,manual,
SBC,SBC Exports Limited,Services,manual,
SCI,Shipping Corporation Of India Limited,Services,nse_official,Services
SCILAL,Shipping Corporation of India Land and Assets Limited,Services,manual,
SEAMECLTD,Seamec Limited,Services,manual,
SGMART,SG Mart Limited,Services,manual,
SHREEJISPG,Shreeji Shipping Global Limited,Services,manual,
SICAGEN,Sicagen India Limited,Services,manual,
SICALLOG,Sical Logistics Limited,Services,provider,Integrated Freight & Logistics
SINDHUTRAD,Sindhu Trade Links Limited,Services,manual,
SMARTWORKS,Smartworks Coworking Spaces Limited,Services,nse_official,Services
SNOWMAN,Snowman Logistics Limited,Services,manual,
SPORTKING,Sportking India Limited,Services,manual,
STCINDIA,The State Trading Corporation of India Limited,Services,manual,
SVLL,Shree Vasu Logistics Limited,Services,provider,Trucking
TCI,Transport Corporation of India Limited,Services,manual,
TCIEXP,TCI Express Limited,Services,manual,
TIGERLOGS,Tiger Logistics (India) Limited,Services,manual,
TRANSWORLD,TRANSWORLD SHIPPING LINES LIMITED,Services,provider,Marine Shipping
TVSSCS,TVS Supply Chain Solutions Limited,Services,nse_official,Services
UDS,Updater Services Limited,Services,manual,
AKSHOPTFBR,Aksh Optifibre Limited,Telecom,provider,Communication Equipment
AQYLON,Aqylon Nexus Limited,Telecom,provider,Communication Services
BAGFILMS,B.A.G Films and Media Limited,Telecom,provider,Communication Services
BALAJITELE,Balaji Telefilms Limited,Telecom,provider,Communication Services
BCG,Brightcom Group Limited,Telecom,provider,Communication Services
BHARTIARTL,Bharti Airtel Limited,Telecom,nse_official,Telecommunication
BHARTIHEXA,Bharti Hexacom Limited,Telecom,nse_official,Telecommunication
BIRLACABLE,Birla Cable Limited,Telecom,provider,Communication Equipment
BTML,Bodhi Tree Multimedia Limited,Telecom,provider,Communication Services
CINELINE,Cineline India Limited,Telecom,provider,Communication Services
CINEVISTA,Cinevista Limited,Telecom,provider,Communication Services
CYBERMEDIA,Cyber Media (India) Limited,Telecom,provider,Communication Services
DBCORP,D.B.Corp Limited,Telecom,provider,Communication Services
DEN,Den Networks Limited,Telecom,provider,Communication Services
DGCONTENT,Digicontent Limited,Telecom,provider,Communication Services
DISHTV,Dish TV India Limited,Telecom,provider,Communication Services
DNAMEDIA,Diligent Media Corporation Limited,Telecom,provider,Communication Services
ENIL,Entertainment Network (India) Limited,Telecom,provider,Communication Services
GTL,GTL Limited,Telecom,provider,Communication Services
GTPL,GTPL Hathway Limited,Telecom,provider,Communication Services
HATHWAY,Hathway Cable & Datacom Limited,Telecom,provider,Communication Services
HFCL,HFCL Limited,Telecom,nse_official,Telecommunication
HTMEDIA,HT Media Limited,Telecom,provider,Communication Services
IDEA,Vodafone Idea Limited,Telecom,nse_official,Telecommunication
IMAGICAA,Imagicaaworld Entertainment Limited,Telecom,provider,Communication Services
INDUSTOWER,Indus Towers Limited,Telecom,nse_official,Telecommunication
ITI,ITI Limited,Telecom,nse_official,Telecommunication
JAGRAN,Jagran Prakashan Limited,Telecom,provider,Communication Services
MTNL,Mahanagar Telephone Nigam Limited,Telecom,provider,Communication Services
NDLVENTURE,NDL Ventures Limited,Telecom,provider,Communication Services
NELCO,NELCO Limited,Telecom,manual,
ONMOBILE,OnMobile Global Limited,Telecom,provider,Telecom Services
OPTIEMUS,Optiemus Infracom Limited,Telecom,nse_official,Telecommunication
PACEDIGITK,Pace Digitek Limited,Telecom,provider,Communication Equipment
PANACHE,Panache Digilife Limited,Telecom,provider,Communication Equipment
PARACABLES,Paramount Communications Limited,Telecom,manual,
PNC,Pritish Nandy Communications Limited,Telecom,manual,
RAILTEL,Railtel Corporation Of India Limited,Telecom,nse_official,Telecommunication
RAJTV,Raj Television Network Limited,Telecom,manual,
RCOM,Reliance Communications Limited,Telecom,provider,Telecom Services
ROUTE,ROUTE MOBILE LIMITED,Telecom,nse_official,Telecommunication
SHYAMTEL,Shyam Telecom Limited,Telecom,manual,
SMARTLINK,Smartlink Holdings Limited,Telecom,provider,Communication Equipment
STLNETWORK,STL Networks Limited,Telecom,manual,
STLTECH,Sterlite Technologies Limited,Telecom,nse_official,Telecommunication
SURANAT&P,Surana Telecom and Power Limited,Telecom,manual,
SUYOG,Suyog Telematics Limited,Telecom,provider,Communication Services
TATACOMM,Tata Communications Limited,Telecom,nse_official,Telecommunication
TEJASNET,Tejas Networks Limited,Telecom,nse_official,Telecommunication
TNTELE,Tamilnadu Telecommunication Limited,Telecom,manual,
TTML,Tata Teleservices (Maharashtra) Limited,Telecom,nse_official,Telecommunication
TVTODAY,TV Today Network Limited,Telecom,manual,
AARNAV,Aarnav Fashions Limited,Textiles,manual,
ALOKINDS,Alok Industries Limited,Textiles,nse_official,Textiles
ARVIND,Arvind Limited,Textiles,nse_official,Textiles
BASML,Bannari Amman Spinning Mills Limited,Textiles,provider,Textile Manufacturing
BTTL,Bhilwara Technical Textiles Limited,Textiles,provider,Textile Manufacturing
DAMODARIND,Damodar Industries Limited,Textiles,provider,Textile Manufacturing
EASTSILK,Eastern Silk Industries Limited,Textiles,provider,Textile Manufacturing
FLEXITUFF,Flexituff Ventures International Limited,Textiles,provider,Textile Manufacturing
FLFL,Future Lifestyle Fashions Limited,Textiles,provider,Apparel Manufacturing
GINNIFILA,Ginni Filaments Limited,Textiles,provider,Textile Manufacturing
GOKEX,Gokaldas Exports Limited,Textiles,nse_official,Textiles
ICIL,Indo Count Industries Limited,Textiles,nse_official,Textiles
KITEX,Kitex Garments Limited,Textiles,nse_official,Textiles
KPRMILL,K.P.R. Mill Limited,Textiles,nse_official,Textiles
LAXMICOT,Laxmi Cotspin Limited,Textiles,manual,
LOYALTEX,Loyal Textile Mills Limited,Textiles,manual,
MALUPAPER,Malu Paper Mills Limited,Textiles,manual,
MANOMAY,Manomay Tex India Limited,Textiles,manual,
MARALOVER,Maral Overseas Limited,Textiles,provider,Textile Manufacturing
MAYURUNIQ,Mayur Uniquoters Ltd,Textiles,manual,
MFML,Mahalaxmi Fabric Mills Limited,Textiles,manual,
MHLXMIRU,Mahalaxmi Rubtech Limited,Textiles,provider,Textile Manufacturing
MODTHREAD,Modern Threads (India) Limited,Textiles,provider,Textile Manufacturing
NAHARSPING,Nahar Spinning Mills Limited,Textiles,manual,
NDL,Nandan Denim Limited,Textiles,manual,
NITINSPIN,Nitin Spinners Limited,Textiles,manual,
ORBTEXP,Orbit Exports Limited,Textiles,provider,Textile Manufacturing
PAGEIND,Page Industries Limited,Textiles,nse_official,Textiles
PASHUPATI,Pashupati Cotspin Limited,Textiles,manual,
PASUPTAC,Pasupati Acrylon Limited,Textiles,provider,Textile Manufacturing
PDSL,PDS Limited,Textiles,manual,
PGIL,Pearl Global Industries Limited,Textiles,nse_official,Textiles
PIONEEREMB,Pioneer Embroideries Limited,Textiles,manual,
PRECOT,Precot Limited,Textiles,manual,
RAJPALAYAM,Rajapalayam Mills Limited,Textiles,manual,
RAJRILTD,Raj Rayon Industries Limited,Textiles,provider,Textile Manufacturing
RAYMOND,Raymond Limited,Textiles,manual,
RAYMONDLSL,Raymond Lifestyle Limited,Textiles,nse_official,Textiles
RNBDENIMS,R&B Denims Limited,Textiles,manual,
RSWM,RSWM Limited,Textiles,provider,Textile Manufacturing
RUBYMILLS,The Ruby Mills Limited,Textiles,provider,Textile Manufacturing
SANATHAN,Sanathan Textiles Limited,Textiles,manual,
SANGAMIND,Sangam (India) Limited,Textiles,manual,
SARLAPOLY,Sarla Performance Fibers Limited,Textiles,manual,
SGL,STL Global Limited,Textiles,provider,Textile Manufacturing
SHEKHAWATI,Shekhawati Industries Limited,Textiles,provider,Textile Manufacturing
SHIVAMILLS,Shiva Mills Limited,Textiles,manual,
SHIVATEX,Shiva Texyarn Limited,Textiles,manual,
SIYSIL,Siyaram Silk Mills Limited,Textiles,manual,
STARPAPER,Star Paper Mills Limited,Textiles,manual,
SUPERSPIN,Super Spinning Mills Limited,Textiles,provider,Textile Manufacturing
SURYALA,Suryalata Spinning Mills Limited,Textiles,manual,
SUTLEJTEX,Sutlej Textiles and Industries Limited,Textiles,provider,Textile Manufacturing
SVPGLOB,SVP GLOBAL TEXTILES LIMITED,Textiles,manual,
TRIDENT,Trident Limited,Textiles,nse_official,Textiles
TTL,T T Limited,Textiles,provider,Textile Manufacturing
BAJEL,Bajel Projects Limited,Utilities,provider,Utilities
CEWATER,Concord Enviro Systems Limited,Utilities,provider,Utilities
CLEANMAX,Clean Max Enviro Energy Solutions Limited,Utilities,provider,Utilities
EIEL,Enviro Infra Engineers Limited,Utilities,nse_official,Utilities
ENERGYDEV,Energy Development Company Limited,Utilities,provider,Utilities
GIPCL,Gujarat Industries Power Company Limited,Utilities,provider,Utilities
GKENERGY,GK Energy Limited,Utilities,provider,Utilities
GREENPOWER,Orient Green Power Company Limited,Utilities,provider,Utilities
INDOWIND,Indowind Energy Limited,Utilities,provider,Utilities
IONEXCHANG,ION Exchange (India) Limited,Utilities,nse_official,Utilities
IRMENERGY,IRM Energy Limited,Utilities,provider,Utilities
REFEX,Refex Industries Limited,Utilities,nse_official,Utilities
